controller,scenario,seeds,deterministic,test_days,daily_cost_EUR,daily_cost_EUR_std_across_days,daily_cost_EUR_median_across_days,daily_cost_EUR_iqr_across_days,objective_value,objective_value_std_across_days,objective_value_median_across_days,objective_value_iqr_across_days,grid_energy_cost_EUR,grid_energy_cost_EUR_std_across_days,grid_energy_cost_EUR_median_across_days,grid_energy_cost_EUR_iqr_across_days,imported_energy_kWh,imported_energy_kWh_std_across_days,imported_energy_kWh_median_across_days,imported_energy_kWh_iqr_across_days,exported_energy_kWh,exported_energy_kWh_std_across_days,exported_energy_kWh_median_across_days,exported_energy_kWh_iqr_across_days,export_energy_kWh,export_energy_kWh_std_across_days,export_energy_kWh_median_across_days,export_energy_kWh_iqr_across_days,carbon_emissions_kgCO2,carbon_emissions_kgCO2_std_across_days,carbon_emissions_kgCO2_median_across_days,carbon_emissions_kgCO2_iqr_across_days,carbon_intensity_avg_gCO2_per_kWh,carbon_intensity_avg_gCO2_per_kWh_std_across_days,carbon_intensity_avg_gCO2_per_kWh_median_across_days,carbon_intensity_avg_gCO2_per_kWh_iqr_across_days,pv_generation_kWh,pv_generation_kWh_std_across_days,pv_generation_kWh_median_across_days,pv_generation_kWh_iqr_across_days,pv_used_locally_kWh,pv_used_locally_kWh_std_across_days,pv_used_locally_kWh_median_across_days,pv_used_locally_kWh_iqr_across_days,renewable_self_consumption_ratio_pct,renewable_self_consumption_ratio_pct_std_across_days,renewable_self_consumption_ratio_pct_median_across_days,renewable_self_consumption_ratio_pct_iqr_across_days,PV_self_consumption_kWh,PV_self_consumption_kWh_std_across_days,PV_self_consumption_kWh_median_across_days,PV_self_consumption_kWh_iqr_across_days,renewable_self_consumption_ratio,renewable_self_consumption_ratio_std_across_days,renewable_self_consumption_ratio_median_across_days,renewable_self_consumption_ratio_iqr_across_days,battery_throughput_kWh,battery_throughput_kWh_std_across_days,battery_throughput_kWh_median_across_days,battery_throughput_kWh_iqr_across_days,equivalent_full_cycles,equivalent_full_cycles_std_across_days,equivalent_full_cycles_median_across_days,equivalent_full_cycles_iqr_across_days,mean_daily_peak_import_kW,mean_daily_peak_import_kW_std_across_days,mean_daily_peak_import_kW_median_across_days,mean_daily_peak_import_kW_iqr_across_days,horizon_max_grid_import_kW,horizon_max_grid_import_kW_std_across_days,horizon_max_grid_import_kW_median_across_days,horizon_max_grid_import_kW_iqr_across_days,peak_contract_violation_count,peak_contract_violation_count_std_across_days,peak_contract_violation_count_median_across_days,peak_contract_violation_count_iqr_across_days,peak_contract_violation_energy_kWh,peak_contract_violation_energy_kWh_std_across_days,peak_contract_violation_energy_kWh_median_across_days,peak_contract_violation_energy_kWh_iqr_across_days,VPP_tracking_RMSE_kW,VPP_tracking_RMSE_kW_std_across_days,VPP_tracking_RMSE_kW_median_across_days,VPP_tracking_RMSE_kW_iqr_across_days,VPP_tracking_MAE_kW,VPP_tracking_MAE_kW_std_across_days,VPP_tracking_MAE_kW_median_across_days,VPP_tracking_MAE_kW_iqr_across_days,DR_success_rate_pct,DR_success_rate_pct_std_across_days,DR_success_rate_pct_median_across_days,DR_success_rate_pct_iqr_across_days,DR_interval_compliance_pct,DR_interval_compliance_pct_std_across_days,DR_interval_compliance_pct_median_across_days,DR_interval_compliance_pct_iqr_across_days,DR_event_count,DR_event_count_std_across_days,DR_event_count_median_across_days,DR_event_count_iqr_across_days,DR_successful_event_count,DR_successful_event_count_std_across_days,DR_successful_event_count_median_across_days,DR_successful_event_count_iqr_across_days,DR_event_compliance_pct,DR_event_compliance_pct_std_across_days,DR_event_compliance_pct_median_across_days,DR_event_compliance_pct_iqr_across_days,DR_max_violation_kW,DR_max_violation_kW_std_across_days,DR_max_violation_kW_median_across_days,DR_max_violation_kW_iqr_across_days,feasible_DR_success_pct,feasible_DR_success_pct_std_across_days,feasible_DR_success_pct_median_across_days,feasible_DR_success_pct_iqr_across_days,DR_violation_energy_kWh,DR_violation_energy_kWh_std_across_days,DR_violation_energy_kWh_median_across_days,DR_violation_energy_kWh_iqr_across_days,min_SOC,min_SOC_std_across_days,min_SOC_median_across_days,min_SOC_iqr_across_days,max_SOC,max_SOC_std_across_days,max_SOC_median_across_days,max_SOC_iqr_across_days,final_SOC,final_SOC_std_across_days,final_SOC_median_across_days,final_SOC_iqr_across_days,terminal_SOC_error,terminal_SOC_error_std_across_days,terminal_SOC_error_median_across_days,terminal_SOC_error_iqr_across_days,hard_clip_fraction_pct,hard_clip_fraction_pct_std_across_days,hard_clip_fraction_pct_median_across_days,hard_clip_fraction_pct_iqr_across_days,soft_coach_fraction_pct,soft_coach_fraction_pct_std_across_days,soft_coach_fraction_pct_median_across_days,soft_coach_fraction_pct_iqr_across_days,physical_projection_fraction_pct,physical_projection_fraction_pct_std_across_days,physical_projection_fraction_pct_median_across_days,physical_projection_fraction_pct_iqr_across_days,service_coaching_fraction_pct,service_coaching_fraction_pct_std_across_days,service_coaching_fraction_pct_median_across_days,service_coaching_fraction_pct_iqr_across_days,mean_reward,mean_reward_std_across_days,mean_reward_median_across_days,mean_reward_iqr_across_days
no_battery,baseline_real,1,True,92,415.372708059047,136.876463294201,420.425940949031,209.171960896791,188.216206668159,65.3156450432589,180.009131802979,101.884006262728,415.372708059047,136.876463294201,420.425940949031,209.171960896791,11104.291544211,2431.65472105057,11167.9317308258,3060.17837972111,5.96365440816818,47.0104443442597,0,0,5.96365440816818,47.0104443442597,0,0,5385.57647289825,1474.7504522983,5554.25099546749,2099.24103435962,485.515110221261,80.9161032164099,497.202402337227,103.140785559173,944.477173913043,549.361797577953,762.35,737.45,938.513519504875,533.347830567277,762.35,737.45,99.7633069936416,1.79086554905932,100,0,938.513519504875,533.347830567277,762.35,737.45,0.997633069936416,0.0179086554905932,1,0,0,0,0,0,0,0,0,0,711.607619170289,176.595933303548,752.473125162819,245.644218795163,1013.62424421038,176.595933303548,752.473125162819,245.644218795163,13.1630434782609,12.5726697960412,11.5,25.25,324.110223008837,476.490011848965,92.2300399777327,490.376304213098,152.54677645205,33.9038102493963,159.142017453731,51.4850959403811,127.02448843508,28.220133734345,132.099136728595,38.9875888557176,82.6086956521739,38.1111608704768,100,0,0,38.1111608704768,100,0,16,0.381111608704768,0,0,0,0,0,0,0,38.1111608704768,100,0,356.405519779892,118.757269576786,0,0,82.6086956521739,38.1111608704768,100,0,8096.04125729939,193.892502612133,0,0,0.55,2.23261296799469e-16,0.55,0,0.55,2.23261296799469e-16,0.55,0,0.55,2.23261296799469e-16,0.55,0,0,0,0,0,0,0,0,0,0,0,0,0,0,0,0,0,0,0,0,0,-1.96058548612666,0.680371302533946,-1.87509512294769,1.06129173190342
rule_based,baseline_real,1,True,92,376.812483181191,121.804289901278,374.675217491883,178.201387196321,374.702466815455,175.582358758756,389.154572876578,329.726718789735,376.812483181191,121.804289901278,374.675217491883,178.201387196321,10297.959016281,2371.20949594923,10255.3074442268,2447.56035888041,83.1251216540172,183.781536873805,0,67.4661703160138,83.1251216540172,183.781536873805,0,67.4661703160138,4926.93820625073,1297.88252035652,4972.96793332657,1815.59008089892,482.560819324616,81.5225587718971,489.541767881863,101.233937443813,944.477173913043,549.361797577953,762.35,737.45,939.146336344741,534.973438436211,762.35,737.45,99.7908216535019,1.77480875423646,100,0,939.146336344741,534.973438436211,762.35,737.45,0.997908216535019,0.0177480875423646,1,0,1045.63644193914,550.730586007882,1330,308.125002235173,0.130704555242393,0.0688413232509853,0.16625,0.0385156252793967,710.600593728179,175.265082867868,752.473125162819,240.674117238003,1013.62424421038,175.265082867868,752.473125162819,240.674117238003,12.2826086956522,11.9507469875102,10,22,302.45647011532,454.533857468697,82.6183608698581,392.595708490162,192.669664518754,49.2051838613024,199.119299860217,68.5553987646097,153.906545318101,39.0981741014684,155.812912602186,56.1947453001619,86.4130434782609,33.7986611913513,100,0,21.875,33.7986611913513,100,0,16,0.381111608704768,0,0,1,0.104257207028537,0,0,6.25,37.1429490241063,100,0,356.405519779892,107.03769138521,0,0,86.4130434782609,33.7986611913513,100,0,6034.80269631692,166.847395388432,0,0,0.298526887616113,0.154022191213678,0.2,0.35,0.562603957836092,0.0694661772652706,0.55,0,0.315421463301175,0.19033670182561,0.2,0.35,0.265499946553776,0.143509594790511,0.35,0.142083159671778,30.0724637681159,28.3103870867411,25,47.1354166666667,0,0,0,0,30.0724637681159,28.3103870867411,25,47.1354166666667,0,0,0,0,-3.90315069599432,1.82898290373705,-4.05369346746435,3.43465332072641
tou_self_consumption,baseline_real,1,True,92,378.450014068956,119.133430123439,396.154729234773,171.963690332265,338.949563383743,151.564459122521,325.12101971328,291.760450230959,378.450014068956,119.133430123439,396.154729234773,171.963690332265,10555.2054923456,2426.1081971075,10469.8263535716,2595.11572214746,175.797565261732,221.777112137509,92.2376225602115,295.158389575653,175.797565261732,221.777112137509,92.2376225602115,295.158389575653,5051.60256517,1328.46908699442,5100.07715220093,1777.36543203433,482.964351168619,81.7143124410447,493.561528405875,101.167974452042,944.477173913043,549.361797577953,762.35,737.45,941.974511804801,542.44456277141,762.35,737.45,99.897589670333,0.709638229257667,100,0,941.974511804801,542.44456277141,762.35,737.45,0.99897589670333,0.0070963822925766,1,0,1033.82986176069,641.703467417555,1330,814.374988824129,0.129228732720086,0.0802129334271944,0.16625,0.101796873603016,725.680314107596,170.147990987068,752.648082978361,200.917725416805,1013.62424421038,170.147990987068,752.648082978361,200.917725416805,12.8152173913043,12.0017666719915,10,24,311.323583126879,454.587909584358,79.7907653312993,451.11566758664,197.631306957708,52.8774700753722,204.584646589486,81.036556795301,153.749698368111,37.8796750257334,150.926277842072,57.307049724995,83.695652173913,37.1429490241063,100,0,6.25,37.1429490241063,100,0,16,0.381111608704768,0,0,1,0.104257207028537,0,0,6.25,37.1429490241063,100,0,356.405519779892,114.934397544777,0,0,83.695652173913,37.1429490241063,100,0,7547.71967689419,187.922770616136,0,0,0.324027460568011,0.162458109007962,0.2,0.35,0.582743113037967,0.0942664356699901,0.55,0,0.356770573605978,0.219777838129236,0.2,0.35,0.253137849470887,0.145833053954727,0.35,0.223167663227497,19.429347826087,18.9878802469705,14.0625,33.8541666666667,0,0,0,0,19.429347826087,18.9878802469705,14.0625,33.8541666666667,0,0,0,0,-3.53072461858066,1.57879644919292,-3.38667728868,3.03917135657249
carbon_aware,baseline_real,1,True,92,395.843997501803,125.728139256311,414.311987159603,167.78085576371,355.09482142573,161.175897699024,316.510530358818,298.146172367359,395.843997501803,125.728139256311,414.311987159603,167.78085576371,11121.4931138763,2696.73583833247,10924.1641132706,3347.29476690443,70.3572687929439,143.78624002323,0,68.2729271901428,70.3572687929439,143.78624002323,0,68.2729271901428,5219.81208551915,1270.55288031191,5283.67226719352,1895.36243761298,476.975786135038,81.6170330928668,479.327687362019,109.466740093033,944.477173913043,549.361797577953,762.35,737.45,939.146336344741,534.973438436211,762.35,737.45,99.7908216535019,1.77480875423646,100,0,939.146336344741,534.973438436211,762.35,737.45,0.997908216535019,0.0177480875423646,1,0,1671.44211497546,926.526644909326,1463.40458291141,143.684210526313,0.208930264371932,0.115815830613666,0.182925572863927,0.0179605263157891,801.294595430346,175.704664572964,802.61906018802,154.741977863655,1296.54139856475,175.704664572964,802.61906018802,154.741977863655,19.2391304347826,14.2438493108988,17,21,566.628724902705,682.804296365788,299.641126937512,675.492152614895,206.778152470903,44.776894436748,208.769123865115,61.499184413201,168.982188990051,38.5244318068759,170.78242151738,50.8861368559152,91.9836956521739,25.5826017337329,100,0,53.90625,25.5826017337329,100,0,16,0.381111608704768,0,0,6,0.248261994988676,0,0,37.5,31.2962510100078,100,0,356.405519779892,84.065995727747,0,0,91.9836956521739,25.5826017337329,100,0,3334.01460736166,120.185332502676,0,0,0.377909419488208,0.176170121982351,0.320194300556997,0.3678125,0.718255840639847,0.1692507906125,0.730351557722316,0.35,0.516743622198824,0.313792443397874,0.440611641770964,0.7,0.297096658939122,0.101722428369137,0.35,0.0416211014473805,35.1902173913044,29.9794466276271,29.6875,54.4270833333333,0,0,0,0,35.1902173913044,29.9794466276271,29.6875,54.4270833333333,0,0,0,0,-3.69890438985136,1.6789156010315,-3.29698469123769,3.10568929549332
greedy_tracking,baseline_real,1,True,92,409.406597595993,121.196738924115,416.510972464264,157.870125450561,210.150751908451,88.6196938507763,186.885335992059,72.2700253392318,409.406597595993,121.196738924115,416.510972464264,157.870125450561,11122.6764565547,2109.64962230514,11079.9587183831,2629.61406328133,1.01796192497819,9.48339121131469,0,0,1.01796192497819,9.48339121131469,0,0,5348.38074980611,1312.61755421362,5412.66771700803,1568.68057164177,482.429238451213,81.1966912487767,494.184445894226,104.055857760547,944.477173913043,549.361797577953,762.35,737.45,943.459211988065,546.26792831872,762.35,737.45,99.9608522115923,0.359337921301887,100,0,943.459211988065,546.26792831872,762.35,737.45,0.999608522115923,0.0035933792130188,1,0,2581.78388200945,663.605795704588,2683.1467425128,1192.44062507833,0.322722985251181,0.0829507244630734,0.3353933428141,0.149055078134791,543.041765595418,142.491102186534,493.721324069026,162.06356516097,996.541398564747,142.491102186534,493.721324069026,162.06356516097,2.64130434782609,7.45916579276376,0,0,68.0914511788363,252.631894184566,0,0,48.5563190700056,50.6737366436964,38.6190884520942,72.1486677623383,19.450162333723,26.8424820253168,9.414033774647,23.5345626907209,88.179347826087,28.4901738913823,100,0,32.03125,28.4901738913823,100,0,16,0.381111608704768,0,0,0,0,0,0,0,38.1111608704768,100,0,333.511285275758,83.1490600444258,0,0,88.179347826087,28.4901738913823,100,0,3530.24141905282,129.070096137589,0,0,0.450028706861759,0.121614182568295,0.472324780318396,0.137900722875355,0.833131476567463,0.127364265265172,0.9,0.0521993985691983,0.522718756208857,0.184316779963634,0.490211777444443,0.234897447826341,0.155314479595503,0.101673248385015,0.120642756246047,0.133973407530146,10.7110507246377,11.2512782551988,8.33333333333333,14.84375,0,0,0,0,10.7110507246377,11.2512782551988,8.33333333333333,14.84375,0,0,0,0,-2.1890703323797,0.923121810945586,-1.94672224991728,0.752812763950331
no_battery,low_it_load,1,True,92,302.497807842093,102.387649213153,306.601879961624,153.634225824496,136.413127435284,32.993423584918,138.11044547977,42.3846188975124,302.497807842093,102.387649213153,306.601879961624,153.634225824496,8108.23565546823,1864.19607697578,8029.4888723643,2395.96276746505,20.6090315943682,99.4298179740904,0,0,20.6090315943682,99.4298179740904,0,0,3936.79451366558,1111.17625446919,4002.86249635581,1620.55464684444,486.10751472154,80.9541810352853,498.557975750201,103.371660933097,944.477173913043,549.361797577953,762.35,737.45,923.868142318675,503.594790845587,762.35,732.854121465688,99.0841880489412,4.0344834393466,100,0,923.868142318675,503.594790845587,762.35,732.854121465688,0.990841880489412,0.040344834393466,1,0,0,0,0,0,0,0,0,0,533.277495377293,132.422137343523,563.182968872115,183.773789096372,760.218183157782,132.422137343523,563.182968872115,183.773789096372,0.978260869565217,2.91633618130833,0,0,6.83242297377253,23.611121179149,0,0,176.107989978775,39.1082834366579,186.331314999561,47.9507735067203,145.89269053227,32.1629002658326,153.675661010382,39.5072131525085,83.1521739130435,37.0362711384064,100,0,3.125,37.0362711384064,100,0,16,0.381111608704768,0,0,0,0,0,0,0,38.1111608704768,100,0,141.466072797059,44.3809038107161,0,0,83.1521739130435,37.0362711384064,100,0,2306.46413543158,55.6964441175752,0,0,0.55,2.23261296799469e-16,0.55,0,0.55,2.23261296799469e-16,0.55,0,0.55,2.23261296799469e-16,0.55,0,0,0,0,0,0,0,0,0,0,0,0,0,0,0,0,0,0,0,0,0,-1.42097007745088,0.34368149567623,-1.4386504737476,0.441506446849087
rule_based,low_it_load,1,True,92,267.737543532363,88.4564985373711,266.39327356031,123.245985702857,329.637863840108,159.521799991146,352.410177716776,331.128843997846,267.737543532363,88.4564985373711,266.39327356031,123.245985702857,7463.8676876219,1779.5322197714,7419.35049221712,1927.5566826725,244.245928877805,287.424204824109,180.51186189974,370.924043976867,244.245928877805,287.424204824109,180.51186189974,370.924043976867,3563.97841892272,944.560732996311,3542.28392769975,1333.97515550875,482.543620921458,81.8266144240951,487.607361503554,103.937028059466,944.477173913043,549.361797577953,762.35,737.45,929.604154366866,517.680811455425,762.35,732.854121465688,99.3373261498534,3.72301306682628,100,0,929.604154366866,517.680811455425,762.35,732.854121465688,0.993373261498535,0.0372301306682628,1,0,1061.1255719852,551.423192493839,1330,169.843736030161,0.13264069649815,0.0689278990617299,0.16625,0.0212304670037701,535.272762364242,129.168447896448,563.182968872115,169.015956686032,760.218183157782,129.168447896448,563.182968872115,169.015956686032,0.967391304347826,2.91811728765979,0,0,6.7541302410198,23.621818870339,0,0,231.238879847799,54.2529135046764,247.020230428312,83.5412687968284,179.95036185682,40.4525739194954,190.575310845058,64.1353963357047,87.0923913043478,32.9132166702293,100,0,25.78125,32.9132166702293,100,0,16,0.381111608704768,0,0,3,0.178583372749133,0,0,18.75,35.0243925648135,100,0,138.144733653882,39.7479405233718,0,0,87.0923913043478,32.9132166702293,100,0,1691.36401342106,47.4149440051175,0,0,0.298526887616113,0.154022191213678,0.2,0.35,0.566282626222031,0.075418733954469,0.55,0,0.319100131687114,0.196211129924997,0.2,0.35,0.2678717195939,0.140910097506995,0.35,0.132894732136475,30.2309782608696,28.1713760321158,25,47.1354166666667,0,0,0,0,30.2309782608696,28.1713760321158,25,47.1354166666667,0,0,0,0,-3.43372774833446,1.66168541657443,-3.67093935121641,3.44925879164423
tou_self_consumption,low_it_load,1,True,92,269.910518302449,86.8620544944925,269.911669507639,117.429708433668,290.774686037056,136.613929487944,285.632003619321,287.398368118322,269.910518302449,86.8620544944925,269.911669507639,117.429708433668,7739.27209435277,1844.45734692886,7676.55986150966,2254.83331725812,338.468625036122,346.142564930979,354.043985752595,550.956476648725,338.468625036122,346.142564930979,354.043985752595,550.956476648725,3694.20249101967,974.310354424308,3649.09807732788,1296.32605601728,482.801529949943,81.9525266125389,492.751513478486,101.778715677846,944.477173913043,549.361797577953,762.35,737.45,933.466693858098,523.709105511058,762.35,737.45,99.5090081867557,2.28696778023114,100,0,933.466693858098,523.709105511058,762.35,737.45,0.995090081867557,0.0228696778023115,1,0,1104.85805401192,689.203549957865,1330,418.281231280416,0.13810725675149,0.0861504437447331,0.16625,0.052285153910052,557.383979832595,131.526536336637,580.165219284166,136.550856063813,818.694025869603,131.526536336637,580.165219284166,136.550856063813,1.05434782608696,2.95149107570991,0,0,8.0505653060056,25.4461105985876,0,0,232.104872417679,54.2490201153226,236.410900251509,92.8962038413787,176.208103840854,37.5884618723898,181.623172181939,57.9087625068321,84.2391304347826,36.0226179147678,100,0,9.375,36.0226179147678,100,0,16,0.381111608704768,0,0,1,0.104257207028537,0,0,6.25,37.1429490241063,100,0,141.466072797059,42.9321150850174,0,0,84.2391304347826,36.0226179147678,100,0,2148.17475423672,53.9535194216277,0,0,0.324326105589778,0.162252729158127,0.2,0.35,0.590584485444634,0.103066451412191,0.55,0,0.36389411686694,0.230124939819347,0.2,0.35,0.259664102688315,0.140737739279404,0.35,0.16400029948404,19.5425724637681,18.8276586501083,15.1041666666667,33.8541666666667,0,0,0,0,19.5425724637681,18.8276586501083,15.1041666666667,33.8541666666667,0,0,0,0,-3.02890297955267,1.42306176549942,-2.97533337103459,2.99373300123252
carbon_aware,low_it_load,1,True,92,285.142769441485,93.7067891245177,297.421756126609,119.471350701231,300.131609313279,153.678906751939,236.932285937595,296.366852439158,285.142769441485,93.7067891245177,297.421756126609,119.471350701231,8234.98500511971,2129.42862140191,8021.97044152351,2846.02629576807,194.550425965351,271.119254690107,10.8696224323222,338.444841305928,194.550425965351,271.119254690107,10.8696224323222,338.444841305928,3835.63664352717,946.034892037909,3855.75006478939,1330.86010552942,475.156114706944,82.3239092752834,472.473843685833,112.020826146741,944.477173913043,549.361797577953,762.35,737.45,927.483293195099,512.46688074261,762.35,732.854121465688,99.2413735731598,3.7775433018449,100,0,927.483293195099,512.46688074261,762.35,732.854121465688,0.992413735731598,0.037775433018449,1,0,1671.44211497546,926.526644909326,1463.40458291141,143.684210526313,0.208930264371932,0.115815830613666,0.182925572863927,0.0179605263157891,647.859723982395,154.500908992676,660.505472291636,159.732421759454,1055.36872047697,154.500908992676,660.505472291636,159.732421759454,5.82608695652174,8.39755157363835,0,9.25,87.3619585775897,190.605863366373,0,64.7369357087734,227.731113605864,52.5178268184752,227.900864749997,87.5513327155031,181.807660817889,40.9911797077817,185.197907199769,64.461655024433,92.7989130434783,24.1783732924545,100,0,58.59375,24.1783732924545,100,0,16,0.381111608704768,0,0,8,0.283315298789931,0,0,50,28.3315298789931,100,0,138.144733653882,31.3771777885653,0,0,92.7989130434783,24.1783732924545,100,0,935.638138297461,34.1298703133503,0,0,0.377909419488208,0.176170121982351,0.320194300556997,0.3678125,0.718255840639847,0.1692507906125,0.730351557722316,0.35,0.516743622198824,0.313792443397874,0.440611641770964,0.7,0.297096658939122,0.101722428369137,0.35,0.0416211014473805,35.1902173913044,29.9794466276271,29.6875,54.4270833333333,0,0,0,0,35.1902173913044,29.9794466276271,29.6875,54.4270833333333,0,0,0,0,-3.12637093034666,1.6008219453327,-2.46804464518328,3.08715471290789
greedy_tracking,low_it_load,1,True,92,341.30598618519,106.749542225003,353.587855825513,154.6142673925,188.353456222474,38.5357857614859,184.803449579854,61.5212246490471,341.30598618519,106.749542225003,353.587855825513,154.6142673925,9374.42208850173,1838.63133954434,9346.02978950875,2658.67741066275,16.7252759148521,77.1051737833667,0,0,16.7252759148521,77.1051737833667,0,0,4522.02279936421,1152.84308904729,4554.00305413152,1582.39903702194,483.299394116457,81.0768599733961,491.627762808824,102.789888764774,944.477173913043,549.361797577953,762.35,737.45,927.751897998191,511.019467918921,762.35,737.45,99.2529515675204,3.18919521799812,100,0,927.751897998191,511.019467918921,762.35,737.45,0.992529515675203,0.0318919521799813,1,0,1822.29167398269,320.418544672447,1807.42228189406,575.699517431315,0.227786459247836,0.0400523180840558,0.225927785236757,0.0719624396789144,497.581257177196,80.7255441625556,483.220353595573,102.726547342188,644.479557840815,80.7255441625556,483.220353595573,102.726547342188,0,0,0,0,0,0,0,0,125.756472281049,59.3741540950289,142.521511004888,48.9355801646282,69.9638724240983,34.7674650431701,77.1038948635454,31.8314936456457,97.2826086956522,9.77530650648601,100,0,84.375,9.77530650648601,100,0,16,0.381111608704768,0,0,8,0.283315298789931,0,0,50,28.3315298789931,100,0,3.550934593477e-06,6.75250528548093e-07,0,0,97.2826086956522,9.77530650648601,100,0,9.52065181536454e-06,3.82714648824541e-07,0,0,0.547636777184175,0.0343586687586413,0.558300379646244,0.0035692658188054,0.872437183754703,0.0700352495775102,0.9,0,0.844557249449108,0.117343489904373,0.9,0.0268302861063074,0.298309247645823,0.107334133736508,0.35,0.0268302861063074,37.7490942028985,21.8154330074464,36.4583333333333,32.2916666666667,0,0,0,0,37.7490942028985,21.8154330074464,36.4583333333333,32.2916666666667,0,0,0,0,-1.96201516898411,0.401414435015478,-1.92503593312348,0.640846090094241
no_battery,high_it_load,1,True,92,528.407135031028,171.397123666212,531.903237059788,263.186405329007,306.027227541045,151.84381022932,282.877448834696,234.514365652474,528.407135031028,171.397123666212,531.903237059788,263.186405329007,14110.5079674027,2989.29231038334,14230.9055170487,3751.82269159161,1.47881167091203,14.1842632568053,0,0,1.47881167091203,14.1842632568053,0,0,6838.56406085997,1834.98145235682,7066.41480315092,2692.5978871048,485.137639165402,80.9234553429939,497.213530882133,102.988380167188,944.477173913043,549.361797577953,762.35,737.45,942.998362242131,544.873649128419,762.35,737.45,99.9436718277216,0.537336516805715,100,0,942.998362242131,544.873649128419,762.35,737.45,0.999436718277216,0.0053733651680571,1,0,0,0,0,0,0,0,0,0,890.113862120357,220.708815863469,941.588978402883,307.514648493954,1267.03030526297,220.708815863469,941.588978402883,307.514648493954,27.195652173913,17.788895863811,32,26.25,1261.16695911191,1134.71247776477,1168.46901977562,1874.38608020161,214.100273562197,68.0417367771661,222.559460616159,97.1888812693462,170.849857973585,56.4846126618328,170.659563264912,67.5919724152694,82.6086956521739,38.1111608704768,100,0,0,38.1111608704768,100,0,16,0.381111608704768,0,0,0,0,0,0,0,38.1111608704768,100,0,574.666305905901,193.328315084015,0,0,82.6086956521739,38.1111608704768,100,0,13899.3231342058,332.646010148087,0,0,0.55,2.23261296799469e-16,0.55,0,0.55,2.23261296799469e-16,0.55,0,0.55,2.23261296799469e-16,0.55,0,0,0,0,0,0,0,0,0,0,0,0,0,0,0,0,0,0,0,0,0,-3.18778362021922,1.58170635655542,-2.94664009202809,2.44285797554661
rule_based,high_it_load,1,True,92,487.982636361789,156.812063934981,486.115290370683,230.357277140498,481.771041689207,224.925934992699,483.977260322617,355.270982196324,487.982636361789,156.812063934981,486.115290370683,230.357277140498,13227.363801846,2965.22255017167,13256.6836078814,2978.12991892338,29.2796568576991,99.3926700628828,0,0,29.2796568576991,99.3926700628828,0,0,6344.89163708046,1674.96368857526,6440.46175314292,2322.47518606336,482.838130653574,81.2651070009452,491.084465159627,100.989568235789,944.477173913043,549.361797577953,762.35,737.45,942.998362242131,544.873649128419,762.35,737.45,99.9436718277216,0.537336516805715,100,0,942.998362242131,544.873649128419,762.35,737.45,0.999436718277216,0.0053733651680571,1,0,1018.18542637144,543.175112208909,1330,504.999982118606,0.12727317829643,0.0678968890261137,0.16625,0.0631249977648257,887.926418724272,220.19750299476,941.588978402883,300.369209047504,1267.03030526297,220.19750299476,941.588978402883,300.369209047504,25.6847826086957,17.0841031099997,30,22.25,1180.82541713526,1087.11396120198,1098.82228800352,1554.29696838378,229.570639626218,63.2516024657759,242.100095088075,92.446148983791,185.740664071547,54.9834725881377,190.836457342196,86.6270216037293,86.1413043478261,33.8394988407994,100,0,20.3125,33.8394988407994,100,0,16,0.381111608704768,0,0,0,0,0,0,0,38.1111608704768,100,0,574.666305905901,175.719084332323,0,0,86.1413043478261,33.8394988407994,100,0,10548.9681925433,286.733076277571,0,0,0.296602679529969,0.1531001747602,0.2,0.298644117504898,0.558444181506845,0.0604875537649517,0.55,0,0.308901847103846,0.182252426612213,0.2,0.298644117504898,0.265696488043908,0.143571063312733,0.35,0.132894732136475,29.9479166666667,28.4227913497069,25,48.1770833333333,0,0,0,0,29.9479166666667,28.4227913497069,25,48.1770833333333,0,0,0,0,-5.01844835092924,2.34297848950728,-5.04142979502726,3.70073939787838
tou_self_consumption,high_it_load,1,True,92,488.314146657711,152.311381423182,513.633288764753,226.024752002537,448.958370894158,204.563674259277,451.962268402176,324.558201732531,488.314146657711,152.311381423182,513.633288764753,226.024752002537,13431.106456092,3001.80897048351,13373.8128775905,2963.85047344129,66.2112708790313,135.805286817059,0,75.5135403399355,66.2112708790313,135.805286817059,0,75.5135403399355,6439.06796624076,1683.88193538939,6555.6858960981,2252.25334468554,483.017044716554,81.4775202843191,493.085621030287,100.347776279842,944.477173913043,549.361797577953,762.35,737.45,944.014779833814,547.922940298955,762.35,737.45,99.9823873358132,0.168014108092137,100,0,944.014779833814,547.922940298955,762.35,737.45,0.999823873358132,0.0016801410809213,1,0,1004.75325212452,633.904118758465,1330,842.500017881393,0.125594156515565,0.0792380148448081,0.16625,0.105312502235174,893.275732311295,215.479625112244,936.156476223357,252.251923320549,1267.03030526297,215.479625112244,936.156476223357,252.251923320549,26.6195652173913,17.4071113365662,31,25.5,1209.47541579753,1096.50055852128,1110.3566562027,1780.94161443562,236.791140355028,66.7018800833097,248.990754130106,103.174186341158,190.472924811701,58.5865235480061,193.78101383091,101.731380696491,83.1521739130435,37.2673544742296,100,0,3.125,37.2673544742296,100,0,16,0.381111608704768,0,0,0,0,0,0,0,38.1111608704768,100,0,574.666305905901,186.972854951329,0,0,83.1521739130435,37.2673544742296,100,0,13018.004979711,322.252673731041,0,0,0.324027460568011,0.162458109007962,0.2,0.35,0.576804339301184,0.0843845772426299,0.55,0,0.350831799869195,0.209670011892327,0.2,0.35,0.247199075734104,0.149286653329414,0.35,0.239785153861158,19.2934782608696,19.0593617065232,11.4583333333333,33.8541666666667,0,0,0,0,19.2934782608696,19.0593617065232,11.4583333333333,33.8541666666667,0,0,0,0,-4.67664969681414,2.13087160686746,-4.707940295856,3.38081460138053
carbon_aware,high_it_load,1,True,92,507.942086887436,159.117156147103,530.214302303928,228.113740314916,473.005936545684,203.311491668331,468.170487944271,336.160024337355,507.942086887436,159.117156147103,530.214302303928,228.113740314916,14082.1364088516,3258.91338478959,14003.9283540082,3966.60072609345,20.2992978393198,66.788393803534,0,0,20.2992978393198,66.788393803534,0,0,6646.20830668801,1617.94701255912,6697.45230082863,2460.07470773392,478.264801595405,81.3275456392967,482.031956530568,106.908833680413,944.477173913043,549.361797577953,762.35,737.45,942.998362242131,544.873649128419,762.35,737.45,99.9436718277216,0.537336516805715,100,0,942.998362242131,544.873649128419,762.35,737.45,0.999436718277216,0.0053733651680571,1,0,1671.44211497546,926.526644909326,1463.40458291141,143.684210526313,0.208930264371932,0.115815830613666,0.182925572863927,0.0179605263157891,965.037547249604,208.960989791893,964.535524278198,195.980986723161,1545.67674820593,208.960989791893,964.535524278198,195.980986723161,31.8804347826087,17.4222558129275,34,23.75,1617.91814982506,1324.20452874798,1229.40758937021,1808.53471649774,254.969813177918,63.6851081378744,253.988577402664,72.4022116916423,204.840617756816,56.708051003153,201.632478528544,72.3531419166648,88.3152173913043,28.153105482413,100,0,32.8125,28.153105482413,100,0,16,0.381111608704768,0,0,0,0,0,0,0,38.1111608704768,100,0,574.666305905901,140.619048158347,0,0,88.3152173913043,28.153105482413,100,0,6187.1764715972,208.821996379773,0,0,0.377909419488208,0.176170121982351,0.320194300556997,0.3678125,0.718255840639847,0.1692507906125,0.730351557722316,0.35,0.516743622198824,0.313792443397874,0.440611641770964,0.7,0.297096658939122,0.101722428369137,0.35,0.0416211014473805,35.1902173913044,29.9794466276271,29.6875,54.4270833333333,0,0,0,0,35.1902173913044,29.9794466276271,29.6875,54.4270833333333,0,0,0,0,-4.92714517235088,2.11782803821178,-4.87677591608616,3.50166692018078
greedy_tracking,high_it_load,1,True,92,481.048846522476,162.464108283108,480.831172176712,254.950840990021,397.817274819902,216.564133667125,369.827695541895,349.824578491829,481.048846522476,162.464108283108,480.831172176712,254.950840990021,12878.5764014877,2902.53259283674,12950.6237921841,3739.69507728404,0,0,0,0,0,0,0,0,6211.89092297988,1751.72664884124,6417.31539248008,2498.93575443167,482.705832601019,81.7050362447407,496.452112698273,102.601963075536,944.477173913043,549.361797577953,762.35,737.45,944.477173913043,549.361797577953,762.35,737.45,100,2.99591122651878e-15,100,0,944.477173913043,549.361797577953,762.35,737.45,1,3.70074341541719e-17,1,0,2258.64990122902,627.323268119854,2211.18372368372,840.806514620435,0.282331237653627,0.0784154085149818,0.276397965460465,0.105100814327554,841.429133208621,276.204402058812,928.543623036936,445.554999786724,1267.03030526297,276.204402058812,928.543623036936,445.554999786724,16.2608695652174,13.3982691724702,15.5,26,850.081567477217,875.127872971358,681.060519670261,1276.36098404197,138.858897995443,100.004183302757,156.419853415439,173.756176374412,76.7394473824643,69.7334890511747,72.305885407337,92.557897818407,84.375,35.0443694431834,100,0,10.15625,35.0443694431834,100,0,16,0.381111608704768,0,0,0,0,0,0,0,38.1111608704768,100,0,574.666305905901,192.47855970204,0,0,84.375,35.0443694431834,100,0,11892.601776541,294.24627713215,0,0,0.212814098372537,0.0291503700998592,0.2,0,0.600970908748651,0.0707278839712377,0.573293203950141,0.0982455245983865,0.213005956536955,0.0290863695092323,0.2,0.0056597529730424,0.336994043463045,0.0290863695092323,0.35,0.0056597529730425,27.1625905797101,22.8594824831954,26.5625,29.4270833333333,0,0,0,0,27.1625905797101,22.8594824831954,26.5625,29.4270833333333,0,0,0,0,-4.14392994604065,2.25587639236588,-3.85237182856141,3.64400602595655
no_battery,ai_training_bursty,1,True,92,450.853539257042,160.001455721196,465.523340382208,244.383137969112,227.532975395113,107.799252496324,213.488500337631,134.75455469386,450.853539257042,160.001455721196,465.523340382208,244.383137969112,11966.0820563986,2995.35230556768,12282.0473840358,3392.68538112696,5.96365440816818,47.0104443442597,0,0,5.96365440816818,47.0104443442597,0,0,5802.59882209703,1739.92148145272,5947.65155317715,2524.9732789445,485.334795012485,80.7982807815555,497.132930377976,100.308940147724,944.477173913043,549.361797577953,762.35,737.45,938.513519504875,533.347830567277,762.35,737.45,99.7633069936416,1.79086554905932,100,0,938.513519504875,533.347830567277,762.35,737.45,0.997633069936416,0.0179086554905932,1,0,0,0,0,0,0,0,0,0,844.664562741502,283.568951568212,882.932000560614,464.542832194367,1394.06060573246,283.568951568212,882.932000560614,464.542832194367,17.0869565217391,14.7630755409115,14.5,30.25,669.006506642807,799.294439171768,385.672115569899,996.408530195262,177.413227138433,59.9725079602228,166.341424336475,73.7049976077761,139.569796997203,44.032706816918,136.494778165318,50.075204633228,82.6086956521739,38.1111608704768,100,0,0,38.1111608704768,100,0,16,0.381111608704768,0,0,0,0,0,0,0,38.1111608704768,100,0,356.405519779892,118.757269576786,0,0,82.6086956521739,38.1111608704768,100,0,8096.04125729939,193.892502612133,0,0,0.55,2.23261296799469e-16,0.55,0,0.55,2.23261296799469e-16,0.55,0,0.55,2.23261296799469e-16,0.55,0,0,0,0,0,0,0,0,0,0,0,0,0,0,0,0,0,0,0,0,0,-2.37013516036577,1.12290888017004,-2.22383854518365,1.40369327806104
rule_based,ai_training_bursty,1,True,92,411.755872564082,145.970249512147,431.903520929103,229.151900622474,412.918779881654,195.105119423615,415.884915294866,306.010751725705,411.755872564082,145.970249512147,431.903520929103,229.151900622474,11134.9924904663,2917.90419889771,11307.2570873398,3342.29052221522,78.482142892039,180.349422926264,0,60.6149678076957,78.482142892039,180.349422926264,0,60.6149678076957,5335.30805683733,1572.3771788342,5312.13729315137,2388.60623377711,482.687733622315,81.2373252421824,488.804631680598,96.2958249445655,944.477173913043,549.361797577953,762.35,737.45,939.146336344741,534.973438436211,762.35,737.45,99.7908216535019,1.77480875423646,100,0,939.146336344741,534.973438436211,762.35,737.45,0.997908216535019,0.0177480875423646,1,0,1025.52238269882,533.210086449473,1330,490.937512293457,0.128190297837352,0.0666512608061841,0.16625,0.0613671890366822,838.80662182921,280.365039882269,865.746210151755,436.575442543894,1394.06060573246,280.365039882269,865.746210151755,436.575442543894,15.945652173913,13.9570488162042,12.5,26.25,624.362694230489,774.737036193606,312.323194188476,885.104867182325,213.795399602601,60.7004098033539,216.674020181968,84.3244283984424,166.034941825227,47.6984524016186,166.75731106404,72.2167203259748,86.4130434782609,33.7986611913513,100,0,21.875,33.7986611913513,100,0,16,0.381111608704768,0,0,1,0.104257207028537,0,0,6.25,37.1429490241063,100,0,356.405519779892,107.03769138521,0,0,86.4130434782609,33.7986611913513,100,0,6034.80269631692,166.847395388432,0,0,0.297346967682072,0.154171738511905,0.2,0.35,0.560186708634597,0.0601423061585902,0.55,0,0.310644374231598,0.183757104322345,0.2,0.35,0.265950438867454,0.142058005738353,0.35,0.137073394179491,30.0271739130435,28.3517974977178,25,47.3958333333333,0,0,0,0,30.0271739130435,28.3517974977178,25,47.3958333333333,0,0,0,0,-4.30123729043389,2.03234499399599,-4.33213453432152,3.18761199714276
tou_self_consumption,ai_training_bursty,1,True,92,413.271465143964,143.382164524835,423.420703647285,219.28423157242,376.919935093436,169.890527096077,388.704733298289,277.637297051109,413.271465143964,143.382164524835,423.420703647285,219.28423157242,11391.4813629954,2974.53261284877,11662.1794856468,3852.254915927,164.059382485486,215.996342301653,91.2524527321038,277.054132961775,164.059382485486,215.996342301653,91.2524527321038,277.054132961775,5457.59768348003,1602.66803493029,5523.67286192625,2314.24554394743,482.993708484441,81.4672473513001,490.394478542668,96.2730388564154,944.477173913043,549.361797577953,762.35,737.45,941.974511804801,542.44456277141,762.35,737.45,99.897589670333,0.709638229257667,100,0,941.974511804801,542.44456277141,762.35,737.45,0.99897589670333,0.0070963822925766,1,0,1020.05340299921,630.262439259454,1330,814.374988824129,0.127506675374901,0.0787828049074318,0.16625,0.101796873603016,853.529612363548,271.75067413495,882.932000560614,322.847455522091,1394.06060573246,271.75067413495,882.932000560614,322.847455522091,16.8152173913043,14.1591653598821,16,26,651.201647675163,780.778560456918,449.204852603375,885.543298008129,218.824019886366,62.3269958236423,219.461581135944,91.9483410765598,165.833056589633,47.8545192137823,159.831945883047,73.1632659662486,83.695652173913,37.1429490241063,100,0,6.25,37.1429490241063,100,0,16,0.381111608704768,0,0,1,0.104257207028537,0,0,6.25,37.1429490241063,100,0,356.405519779892,114.934397544777,0,0,83.695652173913,37.1429490241063,100,0,7547.71967689419,187.922770616136,0,0,0.324027460568011,0.162458109007962,0.2,0.35,0.579471204082116,0.0873658355051101,0.55,0,0.353498664650127,0.213918499321861,0.2,0.35,0.249865940515036,0.147238413227448,0.35,0.227539059845731,19.3840579710145,18.9982525886654,13.5416666666667,33.8541666666667,0,0,0,0,19.3840579710145,18.9982525886654,13.5416666666667,33.8541666666667,0,0,0,0,-3.92624932388995,1.76969299058414,-4.04900763852385,2.89205517761572
carbon_aware,ai_training_bursty,1,True,92,431.324828699799,149.015252351097,450.215041934359,218.567994673158,392.070932082715,185.227242120397,363.65450202846,317.823613759276,431.324828699799,149.015252351097,450.215041934359,218.567994673158,11983.2836260638,3202.77328878736,11951.2301432468,3724.4651908104,70.3572687929439,143.78624002323,0,68.2729271901428,70.3572687929439,143.78624002323,0,68.2729271901428,5636.83443471793,1542.71370473427,5723.04801122013,2016.89036009233,477.290910056069,81.4757783442572,479.327687362019,104.173257938403,944.477173913043,549.361797577953,762.35,737.45,939.146336344741,534.973438436211,762.35,737.45,99.7908216535019,1.77480875423646,100,0,939.146336344741,534.973438436211,762.35,737.45,0.997908216535019,0.0177480875423646,1,0,1671.44211497546,926.526644909326,1463.40458291141,143.684210526313,0.208930264371932,0.115815830613666,0.182925572863927,0.0179605263157891,893.565498568754,239.818890937605,868.976039315672,283.517085002132,1394.06060573246,239.818890937605,868.976039315672,283.517085002132,22.9782608695652,16.6409915311555,21.5,23.25,878.995440300053,996.581190727327,539.212582969781,1186.25945834622,223.614624068123,63.9351127872789,223.581684652147,77.6597524199646,179.419322576519,53.8142199732394,181.397049773126,68.9624984092196,91.9836956521739,25.5826017337329,100,0,53.90625,25.5826017337329,100,0,16,0.381111608704768,0,0,6,0.248261994988676,0,0,37.5,31.2962510100078,100,0,356.405519779892,84.065995727747,0,0,91.9836956521739,25.5826017337329,100,0,3334.01460736166,120.185332502676,0,0,0.377909419488208,0.176170121982351,0.320194300556997,0.3678125,0.718255840639847,0.1692507906125,0.730351557722316,0.35,0.516743622198824,0.313792443397874,0.440611641770964,0.7,0.297096658939122,0.101722428369137,0.35,0.0416211014473805,35.1902173913044,29.9794466276271,29.6875,54.4270833333333,0,0,0,0,35.1902173913044,29.9794466276271,29.6875,54.4270833333333,0,0,0,0,-4.08407220919495,1.92945043875414,-3.78806772946312,3.31066264332579
greedy_tracking,ai_training_bursty,1,True,92,431.718811012029,137.38761672464,434.204079208748,197.208561615519,271.342162832556,157.186455482491,209.775873542063,137.743597700021,431.718811012029,137.38761672464,434.204079208748,197.208561615519,11645.020099342,2392.88518799569,11537.3846843063,2858.23822219832,1.01796192497819,9.48339121131469,0,0,1.01796192497819,9.48339121131469,0,0,5608.78248350527,1467.3181395675,5659.73998042431,2032.31193108777,482.539358522258,81.3731439179754,490.942353770182,102.041372206681,944.477173913043,549.361797577953,762.35,737.45,943.459211988065,546.26792831872,762.35,737.45,99.9608522115923,0.359337921301887,100,0,943.459211988065,546.26792831872,762.35,737.45,0.999608522115923,0.0035933792130188,1,0,2490.07018396794,715.187058177567,2609.00805431671,1172.96191596792,0.311258772995993,0.0893983822721959,0.326126006789589,0.14662023949599,650.818343233907,266.111854865278,557.007256537579,336.032761307432,1387.90268537418,266.111854865278,557.007256537579,336.032761307432,6.47826086956522,11.580087362184,0,8,270.311549431281,598.322559789135,0,177.233983318766,74.4147456740582,88.3051488474834,47.7011862884668,84.114369376995,36.0586497211258,55.0267565874117,14.1770186952217,31.3684683157964,86.0054347826087,32.6719033244446,100,0,19.53125,32.6719033244446,100,0,16,0.381111608704768,0,0,0,0,0,0,0,38.1111608704768,100,0,356.405519779892,99.2536134958684,0,0,86.0054347826087,32.6719033244446,100,0,5283.46549261177,158.989938566421,0,0,0.37195895942897,0.154886437071614,0.43874423369293,0.343489035761099,0.788199265002588,0.130112627431276,0.842494912044066,0.193682426561099,0.438921968909515,0.220615280355605,0.451777901113834,0.442096821155275,0.219289329863562,0.111931985078176,0.233636711791041,0.219767565196952,15.4664855072464,16.4643561789353,9.89583333333333,14.0625,0,0,0,0,15.4664855072464,16.4643561789353,9.89583333333333,14.0625,0,0,0,0,-2.82648086283913,1.63735891127595,-2.18516534939649,1.43482914270856
no_battery,smooth_cloud_service,1,True,92,414.628066948026,136.76775374847,419.95608182987,208.023154108151,185.628192119588,63.5940222048887,178.019093986926,105.353394831461,414.628066948026,136.76775374847,419.95608182987,208.023154108151,11104.3884463072,2433.7760405824,11168.8772981207,3065.89009323902,5.49776492049514,46.1018696226373,0,0,5.49776492049514,46.1018696226373,0,0,5381.84319806201,1474.80218066829,5553.02990905804,2101.41258518632,485.182894373301,80.975233942294,497.16542188993,103.227340325742,944.477173913043,549.361797577953,762.35,737.45,938.979408992548,534.483303529402,762.35,737.45,99.7837133978148,1.75172459366334,100,0,938.979408992548,534.483303529402,762.35,737.45,0.997837133978148,0.0175172459366334,1,0,0,0,0,0,0,0,0,0,679.69205489147,160.927213667388,715.549063093231,222.916798349016,961.475911025145,160.927213667388,715.549063093231,222.916798349016,12.2282608695652,13.1065819056641,7.5,24.25,265.23846544087,424.975039002012,36.2433764687108,342.651922673687,144.738026061487,31.8703603518962,147.263062094944,48.0574325018419,120.916452909034,26.4398163350571,125.863774058426,40.2819118632305,82.6086956521739,38.1111608704768,100,0,0,38.1111608704768,100,0,16,0.381111608704768,0,0,0,0,0,0,0,38.1111608704768,100,0,342.814366904024,115.924966670482,0,0,82.6086956521739,38.1111608704768,100,0,8772.75743538122,210.035487582047,0,0,0.55,2.23261296799469e-16,0.55,0,0.55,2.23261296799469e-16,0.55,0,0.55,2.23261296799469e-16,0.55,0,0,0,0,0,0,0,0,0,0,0,0,0,0,0,0,0,0,0,0,0,-1.93362700124571,0.662437731300924,-1.85436556236382,1.09743119616105
rule_based,smooth_cloud_service,1,True,92,376.057122220844,121.658144782179,374.49038513542,177.082334505575,371.869904409611,175.594706026015,384.17677068231,334.323115420017,376.057122220844,121.658144782179,374.49038513542,177.082334505575,10297.6685191938,2370.36241195319,10258.2139955037,2441.75341327464,84.1060720647071,185.252651479393,0,76.4485478563141,84.1060720647071,185.252651479393,0,76.4485478563141,4923.19770032849,1297.33299941224,4962.75316888778,1818.61249933434,482.202180532296,81.5690129448366,489.348588518923,100.67868168373,944.477173913043,549.361797577953,762.35,737.45,939.27387081702,535.247231279631,762.35,737.45,99.7965164972771,1.74896847412391,100,0,939.27387081702,535.247231279631,762.35,737.45,0.997965164972771,0.0174896847412391,1,0,1043.8022028573,547.927769663339,1330,244.843753911554,0.130475275357162,0.0684909712079174,0.16625,0.0306054692389443,678.31204078493,158.663465046011,715.549063093231,222.916798349016,961.475911025145,158.663465046011,715.549063093231,222.916798349016,11.3804347826087,12.4687234128098,7.5,20.5,243.008622755871,400.999480578297,36.2433764687108,276.598428675692,187.22542326269,48.9938007499979,193.259963979564,71.7584733522609,148.373824286273,37.6454375035829,151.479121204351,51.2161744237824,86.2771739130435,33.8700947651168,100,0,21.09375,33.8700947651168,100,0,16,0.381111608704768,0,0,1,0.104257207028537,0,0,6.25,37.1429490241063,100,0,327.406974627267,103.459473500915,0,0,86.2771739130435,33.8700947651168,100,0,6547.63664220517,181.108760675249,0,0,0.298526887616113,0.154022191213678,0.2,0.35,0.562350007012546,0.0695960436621755,0.55,0,0.314985831519237,0.189957295385573,0.2,0.35,0.265935578335714,0.142910745068078,0.35,0.142083159671778,30.0611413043478,28.3198049009767,25,47.1354166666667,0,0,0,0,30.0611413043478,28.3198049009767,25,47.1354166666667,0,0,0,0,-3.87364483760011,1.82911152110432,-4.00184136127406,3.48253245229184
tou_self_consumption,smooth_cloud_service,1,True,92,377.790277345284,119.005823550513,395.511146757096,171.634066182632,336.273002371434,151.853018265026,323.52358589882,283.775751546733,377.790277345284,119.005823550513,395.511146757096,171.634066182632,10557.6142843378,2425.19877106166,10482.7906484335,2588.59444325001,178.694941374836,226.184842361917,94.285558869501,300.477812855071,178.694941374836,226.184842361917,94.285558869501,300.477812855071,5049.36366079529,1328.24672394421,5099.85003173687,1784.10314234104,482.619146928707,81.7535862794166,493.451113618055,100.72764348042,944.477173913043,549.361797577953,762.35,737.45,942.162553482048,542.882901089191,762.35,737.45,99.906205595335,0.694699782668786,100,0,942.162553482048,542.882901089191,762.35,737.45,0.99906205595335,0.0069469978266878,1,0,1034.06602000132,646.395499686566,1330,821.406246088445,0.129258252500166,0.0807994374608208,0.16625,0.102675780761056,693.972288422177,154.706076146998,719.450751228405,156.693396059307,961.475911025145,154.706076146998,719.450751228405,156.693396059307,11.9565217391304,12.5417220573714,7.5,23.25,252.786361990335,401.904804095467,43.1797975067566,342.651922673687,191.713948242346,53.1144402134382,200.35837887753,83.9432362910499,147.786952498765,36.6163073607654,146.213843237031,54.4624895299423,83.695652173913,37.1429490241063,100,0,6.25,37.1429490241063,100,0,16,0.381111608704768,0,0,1,0.104257207028537,0,0,6.25,37.1429490241063,100,0,342.814366904024,112.58978492421,0,0,83.695652173913,37.1429490241063,100,0,8188.23250597654,203.824672733192,0,0,0.324027460568011,0.162458109007962,0.2,0.35,0.582476893602849,0.0940446010942161,0.55,0,0.35650435417086,0.219405755417143,0.2,0.35,0.252871630035769,0.146096344840401,0.35,0.223167663227497,19.4519927536232,18.9719695301628,14.0625,33.8541666666667,0,0,0,0,19.4519927536232,18.9719695301628,14.0625,33.8541666666667,0,0,0,0,-3.50284377470244,1.58180227359402,-3.37003735311271,2.95599741194514
carbon_aware,smooth_cloud_service,1,True,92,395.199963840508,125.635970981849,413.592935213215,168.170607979877,352.123525862117,161.194323321651,311.39765793909,301.891985913144,395.199963840508,125.635970981849,413.592935213215,168.170607979877,11127.1111569789,2696.18641103796,10925.6661471916,3339.21412955985,75.4125203116033,145.128038131228,0,88.5724089380744,75.4125203116033,145.128038131228,0,88.5724089380744,5219.2491383536,1271.00818965563,5279.65791141087,1907.37441060595,476.666119887784,81.6582957329314,479.050685736304,108.968323950639,944.477173913043,549.361797577953,762.35,737.45,939.27387081702,535.247231279631,762.35,737.45,99.7965164972771,1.74896847412391,100,0,939.27387081702,535.247231279631,762.35,737.45,0.997965164972771,0.0174896847412391,1,0,1671.44211497546,926.526644909326,1463.40458291141,143.684210526313,0.208930264371932,0.115815830613666,0.182925572863927,0.0179605263157891,780.910590032517,170.669059338887,785.104536602245,157.238728664214,1229.19175419676,170.669059338887,785.104536602245,157.238728664214,18.5,14.6875891393133,16.5,24.25,514.037114917218,640.153644068586,250.405819441297,649.826145102601,202.148163286577,44.2076547438762,206.375511644425,63.837346985319,163.981909687737,37.4168040064497,163.094875074303,49.5527027054691,91.7119565217391,25.5621665937205,100,0,52.34375,25.5621665937205,100,0,16,0.381111608704768,0,0,4,0.205048559151556,0,0,25,33.8626550575848,100,0,322.459338260883,81.0040074426314,0,0,91.7119565217391,25.5621665937205,100,0,3637.82516468294,130.94411117017,0,0,0.377909419488208,0.176170121982351,0.320194300556997,0.3678125,0.718255840639847,0.1692507906125,0.730351557722316,0.35,0.516743622198824,0.313792443397874,0.440611641770964,0.7,0.297096658939122,0.101722428369137,0.35,0.0416211014473805,35.1902173913044,29.9794466276271,29.6875,54.4270833333333,0,0,0,0,35.1902173913044,29.9794466276271,29.6875,54.4270833333333,0,0,0,0,-3.66795339439705,1.67910753460054,-3.24372560353218,3.14470818659525
greedy_tracking,smooth_cloud_service,1,True,92,409.828729560926,121.327545127119,416.701327317866,159.766137950078,209.555510885331,88.3296970016564,186.075998700648,71.0329887841174,409.828729560926,121.327545127119,416.701327317866,159.766137950078,11137.9597705244,2118.08248245925,11100.7942212698,2640.65484436134,0.894647522688293,8.31969878392591,0,0,0.894647522688293,8.31969878392591,0,0,5354.70908839513,1316.38872805577,5413.83713597897,1575.22012406755,482.346315328319,81.2026356112856,494.084177048005,104.325692466833,944.477173913043,549.361797577953,762.35,737.45,943.582526390355,546.636609027575,762.35,737.45,99.9655743695632,0.315255986532937,100,0,943.582526390355,546.636609027575,762.35,737.45,0.999655743695631,0.0031525598653293,1,0,2456.53813626966,608.811370042824,2551.3306488754,1044.60565061427,0.307067267033707,0.076101421255353,0.318916331109425,0.130575706326784,537.028885831011,130.543571053271,493.721323640986,162.063563759704,927.042159685702,130.543571053271,493.721323640986,162.063563759704,2.57608695652174,7.7178737828899,0,0,60.927331553577,232.410230477214,0,0,44.8999249171651,49.3956174942761,29.9365309872169,69.1952890685101,18.5606994131759,26.6975960551553,7.56277188839086,22.0837086905559,88.5869565217391,27.4645234398543,100,0,34.375,27.4645234398543,100,0,16,0.381111608704768,0,0,0,0,0,0,0,38.1111608704768,100,0,326.676303573868,81.8881072120377,0,0,88.5869565217391,27.4645234398543,100,0,3722.87806730788,137.585033783099,0,0,0.459383883645032,0.121020895922447,0.494284002733337,0.110145052316645,0.830930696495478,0.126679632320204,0.9,0.0625714316072843,0.528041369327129,0.185495227478248,0.498305505843631,0.220640882594836,0.15343753486963,0.105328853291475,0.111909154274862,0.145955036128219,10.745018115942,12.0719297623239,7.8125,14.84375,0,0,0,0,10.745018115942,12.0719297623239,7.8125,14.84375,0,0,0,0,-2.18286990505553,0.920101010433921,-1.93829165313175,0.739926966501223
no_battery,workload_shiftable,1,True,92,402.715893799518,135.616446603813,414.402559285689,209.590497759956,171.06888104866,49.7606277585419,175.466040322144,76.9346309162835,402.715893799518,135.616446603813,414.402559285689,209.590497759956,11105.7398719481,2432.12433105496,11180.0622959176,3075.72685158036,6.38132250199268,51.4412116627786,0,0,6.38132250199268,51.4412116627786,0,0,5323.65455787936,1465.80603781408,5507.87244463167,2104.06852567345,479.934299261297,81.813639366431,488.553314621115,105.803852474572,944.477173913043,549.361797577953,762.35,737.45,938.095851411051,532.32996550041,762.35,737.45,99.7481343131432,1.95650894763588,100,0,938.095851411051,532.32996550041,762.35,737.45,0.997481343131432,0.0195650894763588,1,0,0,0,0,0,0,0,0,0,677.333922260507,138.857598426326,685.352558240131,235.566579906684,968.667782113034,138.857598426326,685.352558240131,235.566579906684,9.83695652173913,13.9136087812174,2,15.75,173.237294210515,307.291149261187,2.61487668748893,210.629903458098,136.143506907223,31.8735790249381,140.34751267714,47.7486901187734,113.863176627472,29.6536006809786,119.542668208106,47.9616572288356,82.6086956521739,38.1111608704768,100,0,0,38.1111608704768,100,0,16,0.381111608704768,0,0,0,0,0,0,0,38.1111608704768,100,0,183.861020912897,59.7430983301994,0,0,82.6086956521739,38.1111608704768,100,0,3491.84003217151,83.9456184612252,0,0,0.55,2.23261296799469e-16,0.55,0,0.55,2.23261296799469e-16,0.55,0,0.55,2.23261296799469e-16,0.55,0,0,0,0,0,0,0,0,0,0,0,0,0,0,0,0,0,0,0,0,0,-1.78196751092354,0.518339872484811,-1.82777125335567,0.801402405377953
rule_based,workload_shiftable,1,True,92,364.349542469674,120.371761213557,367.664513819192,162.047174766424,360.765309494192,169.453822969514,381.744132557881,328.59417843258,364.349542469674,120.371761213557,367.664513819192,162.047174766424,10307.6672630607,2363.97412089731,10280.9606946815,2462.50939973965,100.973904199649,202.327289372007,2.39835594681819,122.372020624632,100.973904199649,202.327289372007,2.39835594681819,122.372020624632,4870.65606103271,1284.46871683164,4921.94121234147,1797.79034237609,476.703028025011,82.2322992287055,482.088095444781,105.448182969137,944.477173913043,549.361797577953,762.35,737.45,938.736325447192,533.978424141874,762.35,737.45,99.7759819052799,1.94164187693748,100,0,938.736325447192,533.978424141874,762.35,737.45,0.997759819052799,0.0194164187693748,1,0,1036.46524652992,544.068371387009,1330,308.125002235173,0.12955815581624,0.0680085464233762,0.16625,0.0385156252793967,676.86474728226,138.535598012231,685.352558240131,234.83959379093,968.667782113034,138.535598012231,685.352558240131,234.83959379093,9.59782608695652,13.6229120046305,2,15.5,169.648057677072,304.306326986393,2.61487668748893,208.032243840192,185.074705015555,49.7632826845075,195.244096861492,77.8346110659909,144.393524437139,39.4387469663371,145.525285526962,58.9943332266103,86.6847826086957,33.8571431091381,100,0,23.4375,33.8571431091381,100,0,16,0.381111608704768,0,0,3,0.178583372749133,0,0,18.75,35.0243925648135,100,0,183.861020912897,53.6980354117741,0,0,86.6847826086957,33.8571431091381,100,0,2577.07617363487,71.7703052607217,0,0,0.298526887616113,0.154022191213678,0.2,0.35,0.56147874344867,0.0678220545553785,0.55,0,0.313243304391485,0.187954762972454,0.2,0.35,0.265935578335714,0.143170552885511,0.35,0.135815166607254,30.0384963768116,28.3411418846308,25,47.3958333333333,0,0,0,0,30.0384963768116,28.3411418846308,25,47.3958333333333,0,0,0,0,-3.75797197389784,1.76514398926577,-3.97650138081126,3.42285602533938
tou_self_consumption,workload_shiftable,1,True,92,366.569734013327,117.55931826526,381.012370868652,163.964770318914,323.765401185674,147.587898773275,314.928617980074,289.539328701496,366.569734013327,117.55931826526,381.012370868652,163.964770318914,10579.4458512446,2408.77942007327,10445.3531656013,2558.03767189736,209.351403234379,245.058757308616,171.46142705179,359.492386633639,209.351403234379,245.058757308616,171.46142705179,359.492386633639,5005.04986593153,1318.53444235222,5062.70965290782,1845.57172191889,477.307306279114,82.3885015706479,484.992328405948,105.445986763753,944.477173913043,549.361797577953,762.35,737.45,941.828406963576,541.9569737608,762.35,737.45,99.8929876370015,0.783785363242423,100,0,941.828406963576,541.9569737608,762.35,737.45,0.998929876370015,0.0078378536324242,1,0,1024.7732569892,647.022164006873,1330,842.500017881393,0.12809665712365,0.0808777705008591,0.16625,0.105312502235174,695.638653792134,134.214707073574,697.657459566754,171.902645443547,968.667782113034,134.214707073574,697.657459566754,171.902645443547,9.98913043478261,13.4976551200955,2,18,176.507622667217,301.608228655951,7.69787928187382,226.041063452561,192.029061830547,55.174675492661,205.012479323399,103.005961461909,144.88249602848,40.0232736306444,144.817625689655,66.239387063738,83.695652173913,37.1429490241063,100,0,6.25,37.1429490241063,100,0,16,0.381111608704768,0,0,1,0.104257207028537,0,0,6.25,37.1429490241063,100,0,183.861020912897,57.8138678576671,0,0,83.695652173913,37.1429490241063,100,0,3253.6113784846,81.3335924781999,0,0,0.324027460568011,0.162458109007962,0.2,0.35,0.58026986238747,0.0909074089126898,0.55,0,0.354297322955481,0.215915016771724,0.2,0.35,0.25066459882039,0.147704080943911,0.35,0.229290710235211,19.4633152173913,18.977512480426,14.5833333333333,33.8541666666667,0,0,0,0,19.4633152173913,18.977512480426,14.5833333333333,33.8541666666667,0,0,0,0,-3.37255626235077,1.53737394555494,-3.28050643729243,3.01603467397391
carbon_aware,workload_shiftable,1,True,92,383.366475461298,124.552617226321,400.55433723334,162.858969955471,362.116004513523,153.996192910806,339.267014071667,292.330588127826,383.366475461298,124.552617226321,400.55433723334,162.858969955471,11128.4693521301,2686.75563450772,10927.0681673763,3350.06167311609,76.3028474034302,170.130556462846,0,43.2611848307992,76.3028474034302,170.130556462846,0,43.2611848307992,5161.0993531082,1253.13139354036,5210.1307040409,1718.61924546475,471.570639646738,82.5444134443548,469.193924487994,111.505719062491,944.477173913043,549.361797577953,762.35,737.45,938.736325447192,533.978424141874,762.35,737.45,99.7759819052799,1.94164187693748,100,0,938.736325447192,533.978424141874,762.35,737.45,0.997759819052799,0.0194164187693748,1,0,1671.44211497546,926.526644909326,1463.40458291141,143.684210526313,0.208930264371932,0.115815830613666,0.182925572863927,0.0179605263157891,844.975561385853,203.957848068898,854.933466719922,288.594462463197,1287.52458882779,203.957848068898,854.933466719922,288.594462463197,15.8260869565217,14.0998080383256,15.5,21.25,651.571508735826,757.079709864939,476.321313706894,878.669772881393,214.965403407811,55.2635291177978,209.105207049776,67.7135879875231,167.926350540103,46.5636735653953,164.337893821037,68.6152350932967,92.6630434782609,24.6647976999712,100,0,57.8125,24.6647976999712,100,0,16,0.381111608704768,0,0,8,0.283315298789931,0,0,50,28.3315298789931,100,0,183.861020912897,42.2636177676021,0,0,92.6630434782609,24.6647976999712,100,0,1413.08359904053,51.4517905402311,0,0,0.377909419488208,0.176170121982351,0.320194300556997,0.3678125,0.718255840639847,0.1692507906125,0.730351557722316,0.35,0.516743622198824,0.313792443397874,0.440611641770964,0.7,0.297096658939122,0.101722428369137,0.35,0.0416211014473805,35.1902173913044,29.9794466276271,29.6875,54.4270833333333,0,0,0,0,35.1902173913044,29.9794466276271,29.6875,54.4270833333333,0,0,0,0,-3.77204171368253,1.60412700948756,-3.53403139657986,3.04511029299819
greedy_tracking,workload_shiftable,1,True,92,411.026404168419,121.639650201607,421.899116712242,167.271287720493,214.433572951042,100.278653525192,182.971492772836,67.6550987597697,411.026404168419,121.639650201607,421.899116712242,167.271287720493,11207.2782042981,2140.80338430086,11161.6066960994,2643.33385659277,0.68592720549714,5.15928139538009,0,0,0.68592720549714,5.15928139538009,0,0,5379.63435794488,1327.01956087546,5383.03842661856,1708.4151512523,481.715004558541,81.3844796902783,493.348740114726,105.851853981473,944.477173913043,549.361797577953,762.35,737.45,943.791246707546,547.338721008928,762.35,737.45,99.972810779965,0.197544177892903,100,0,943.791246707546,547.338721008928,762.35,737.45,0.99972810779965,0.001975441778929,1,0,2351.90555765131,629.448818956222,2172.86351287112,1201.44391391731,0.293988194706414,0.0786811023695278,0.27160793910889,0.150180489239664,533.321176391366,125.723189225299,493.721326374021,156.748113298937,968.667782113034,125.723189225299,493.721326374021,156.748113298937,1.75,6.37064869814408,0,0,38.8296213764895,164.62920692662,0,0,32.492228190692,45.5288622660931,2.44733450144341,45.6803723830184,15.8671138318142,27.842109269787,0.259937736461672,13.6863525978682,87.7717391304348,29.648713724437,100,0,29.6875,29.648713724437,100,0,16,0.381111608704768,0,0,0,0,0,0,0,38.1111608704768,100,0,164.307090113978,40.8920085173247,0,0,87.7717391304348,29.648713724437,100,0,1662.71989254317,59.8467165166638,0,0,0.44698664865762,0.116000137594049,0.480537499549408,0.105860371068214,0.791795332526199,0.131209249964324,0.852046530135828,0.174854210495318,0.546671233549518,0.193728798470064,0.527951862466743,0.233515139313407,0.155158497015945,0.114905784938409,0.118285938846575,0.187940981038069,11.1526268115942,16.9374311801921,1.04166666666667,13.5416666666667,0,0,0,0,11.1526268115942,16.9374311801921,1.04166666666667,13.5416666666667,0,0,0,0,-2.23368305157335,1.04456930755409,-1.90595304971704,0.704740612080935
no_battery,hot_day_cooling_stress,1,True,92,415.858605337188,137.03477708301,421.399911631613,208.637561142582,188.536922887283,65.4738981047001,180.276654245818,102.078985496234,415.858605337188,137.03477708301,421.399911631613,208.637561142582,11118.2318168192,2435.47539815796,11180.263098427,3063.40334647982,5.95211190750125,47.0010545376893,0,0,5.95211190750125,47.0010545376893,0,0,5392.14786220003,1476.71717186026,5560.3934998283,2106.74430205371,485.504174414522,80.9231521273129,497.201526064277,103.072421485872,944.477173913043,549.361797577953,762.35,737.45,938.525062005542,533.369873613756,762.35,737.45,99.7638934516441,1.79021516690118,100,0,938.525062005542,533.369873613756,762.35,737.45,0.997638934516441,0.0179021516690118,1,0,0,0,0,0,0,0,0,0,712.77936936933,176.702596300531,752.473125162819,248.351946975893,1013.62424421038,176.702596300531,752.473125162819,248.351946975893,13.2934782608696,12.5763934132658,12,25.25,326.906232534619,477.460494258985,96.762890874099,500.976097513849,152.675216399548,34.0067629541416,158.700932430063,51.6537066677766,127.074302644856,28.2826461866472,132.278886036718,37.751602408766,82.6086956521739,38.1111608704768,100,0,0,38.1111608704768,100,0,16,0.381111608704768,0,0,0,0,0,0,0,38.1111608704768,100,0,356.405519779892,119.209587290387,0,0,82.6086956521739,38.1111608704768,100,0,8113.33773075118,194.300206831705,0,0,0.55,2.23261296799469e-16,0.55,0,0.55,2.23261296799469e-16,0.55,0,0.55,2.23261296799469e-16,0.55,0,0,0,0,0,0,0,0,0,0,0,0,0,0,0,0,0,0,0,0,0,-1.96392628007587,0.682019771923959,-1.8778818150606,1.06332276558577
rule_based,hot_day_cooling_stress,1,True,92,377.295447985587,121.962739982938,375.237076413342,177.760433447618,374.997321586535,175.661458201985,389.18691594348,329.644125081116,377.295447985587,121.962739982938,375.237076413342,177.760433447618,10311.7530541157,2375.47836314273,10272.31291224,2448.03850787756,82.9673443797744,183.67035142204,0,67.4661703160138,82.9673443797744,183.67035142204,0,67.4661703160138,4933.42330304019,1299.98963208414,4975.27217273266,1825.24056645789,482.553306468046,81.5290169269215,489.619486523783,101.259224235372,944.477173913043,549.361797577953,762.35,737.45,939.157878845408,534.995400700869,762.35,737.45,99.7914081115044,1.77414328963106,100,0,939.157878845408,534.995400700869,762.35,737.45,0.997914081115044,0.0177414328963106,1,0,1045.63644193914,550.730586007882,1330,308.125002235173,0.130704555242393,0.0688413232509853,0.16625,0.0385156252793967,711.761456629877,175.445465761085,752.473125162819,248.351946975893,1013.62424421038,175.445465761085,752.473125162819,248.351946975893,12.4021739130435,11.9606128170104,11,22,305.030381142203,455.642790663966,93.6742425746352,397.134631998524,192.663970538428,49.3321465291802,199.331059734559,68.2502220182124,153.914705929368,39.192721401574,156.212465076729,55.9827166982314,86.4130434782609,33.7986611913513,100,0,21.875,33.7986611913513,100,0,16,0.381111608704768,0,0,1,0.104257207028537,0,0,6.25,37.1429490241063,100,0,356.405519779892,107.431024848265,0,0,86.4130434782609,33.7986611913513,100,0,6049.03918063086,167.21744963115,0,0,0.298526887616113,0.154022191213678,0.2,0.35,0.562603957836092,0.0694661772652706,0.55,0,0.315421463301175,0.19033670182561,0.2,0.35,0.265499946553776,0.143509594790511,0.35,0.142083159671778,30.0724637681159,28.3103870867411,25,47.1354166666667,0,0,0,0,30.0724637681159,28.3103870867411,25,47.1354166666667,0,0,0,0,-3.90622209985974,1.82980685627068,-4.05403037441125,3.43379296959496
tou_self_consumption,hot_day_cooling_stress,1,True,92,378.894527461019,119.300601272927,396.55558917332,172.792263487774,339.174309189426,151.727375508468,325.519880766778,292.218648656122,378.894527461019,119.300601272927,396.55558917332,172.792263487774,10567.3954511941,2429.2851462526,10477.1807217089,2540.25438728708,175.482004452153,221.609787745134,92.2376225602115,293.190923330086,175.482004452153,221.609787745134,92.2376225602115,293.190923330086,5057.50607935672,1330.68322890075,5104.7968773323,1792.42215482378,482.95832408664,81.7173847536395,493.602958637969,101.19018797061,944.477173913043,549.361797577953,762.35,737.45,941.986054305468,542.466161721814,762.35,737.45,99.8981761283355,0.707882824408957,100,0,941.986054305468,542.466161721814,762.35,737.45,0.998981761283355,0.0070788282440895,1,0,1032.38356630994,637.342996404861,1330,814.374988824129,0.129047945788742,0.0796678745506076,0.16625,0.101796873603016,726.802862170395,169.693062655237,754.787644323205,191.840830813994,1013.62424421038,169.693062655237,754.787644323205,191.840830813994,12.9239130434783,11.9681203786956,11,24,313.503213381375,455.454433801757,89.2834024313834,459.771832566213,197.646378934121,52.8842652040904,204.597842247826,80.9699193870916,153.755037347492,37.9312703085378,151.136418158504,57.0820696970923,83.695652173913,37.1429490241063,100,0,6.25,37.1429490241063,100,0,16,0.381111608704768,0,0,1,0.104257207028537,0,0,6.25,37.1429490241063,100,0,356.405519779892,115.408088380524,0,0,83.695652173913,37.1429490241063,100,0,7565.01615034598,188.349412465697,0,0,0.324027460568011,0.162458109007962,0.2,0.35,0.582399617868414,0.0935353555307368,0.55,0,0.356427078436425,0.21926493106671,0.2,0.35,0.252794354301334,0.146123616418399,0.35,0.223167663227497,19.429347826087,18.9878802469705,14.0625,33.8541666666667,0,0,0,0,19.429347826087,18.9878802469705,14.0625,33.8541666666667,0,0,0,0,-3.53306572072319,1.58049349487987,-3.39083209132061,3.0439442568346
carbon_aware,hot_day_cooling_stress,1,True,92,396.323298638186,125.879774450708,414.691216497992,168.891018946314,355.477223429763,161.244802678921,317.846370851899,297.421672120293,396.323298638186,125.879774450708,414.691216497992,168.891018946314,11135.0769917555,2700.78002617176,10943.6679805851,3355.62928717918,69.9893315632763,143.524229594195,0,68.2729271901428,69.9893315632763,143.524229594195,0,68.2729271901428,5226.17174072364,1272.51484834131,5285.76629814597,1894.52926462142,476.974150883468,81.6221746579967,479.315694095602,109.418254515032,944.477173913043,549.361797577953,762.35,737.45,939.157878845408,534.995400700869,762.35,737.45,99.7914081115044,1.77414328963106,100,0,939.157878845408,534.995400700869,762.35,737.45,0.997914081115044,0.0177414328963106,1,0,1671.44211497546,926.526644909326,1463.40458291141,143.684210526313,0.208930264371932,0.115815830613666,0.182925572863927,0.0179605263157891,802.132481873806,175.72643560618,802.61906018802,154.303099361906,1296.54139856475,175.72643560618,802.61906018802,154.303099361906,19.3804347826087,14.1877848647816,17,21,570.50215994292,685.071516990609,303.939372507777,687.824262649547,206.883863637194,44.8322340971485,208.726832441526,61.9341104119319,169.061879444443,38.5599947946083,171.150754612918,51.2415036071073,91.9836956521739,25.5826017337329,100,0,53.90625,25.5826017337329,100,0,16,0.381111608704768,0,0,6,0.248261994988676,0,0,37.5,31.2962510100078,100,0,356.405519779892,84.2788836901397,0,0,91.9836956521739,25.5826017337329,100,0,3340.32852900906,120.412172679786,0,0,0.377909419488208,0.176170121982351,0.320194300556997,0.3678125,0.718255840639847,0.1692507906125,0.730351557722316,0.35,0.516743622198824,0.313792443397874,0.440611641770964,0.7,0.297096658939122,0.101722428369137,0.35,0.0416211014473805,35.1902173913044,29.9794466276271,29.6875,54.4270833333333,0,0,0,0,35.1902173913044,29.9794466276271,29.6875,54.4270833333333,0,0,0,0,-3.70288774406003,1.67963336123876,-3.31089969637395,3.09814241791972
greedy_tracking,hot_day_cooling_stress,1,True,92,409.608737420096,121.252404073195,416.631597168348,157.988620552199,210.270867175966,88.8669327860063,187.121086581312,72.3601279701935,409.608737420096,121.252404073195,416.631597168348,157.988620552199,11128.0448119195,2110.7884146443,11079.9587173548,2639.84795934224,0.990110819006675,9.21637402305259,0,0,0.990110819006675,9.21637402305259,0,0,5350.85415593084,1313.11273692343,5416.61357308265,1570.08266201626,482.424207478102,81.20558198934,494.196910648869,104.106268267729,944.477173913043,549.361797577953,762.35,737.45,943.487063094037,546.351478662178,762.35,737.45,99.9619130646584,0.349226197379054,100,0,943.487063094037,546.351478662178,762.35,737.45,0.999619130646584,0.0034922619737905,1,0,2585.72742854626,666.024257732057,2686.49014453856,1191.33193055026,0.323215928568282,0.0832530322165072,0.33581126806732,0.148916491318782,543.150051462498,142.66645715896,493.721324069026,162.063565429638,996.541398564747,142.66645715896,493.721324069026,162.063565429638,2.65217391304348,7.46631230246856,0,0,68.4204846175099,252.959261939053,0,0,48.160833833567,50.8688043101568,38.2479545803731,71.7390889530364,19.3356621196879,26.9813096757486,9.10561471718163,23.4656187817909,87.6358695652174,29.0943051016077,100,0,28.90625,29.0943051016077,100,0,16,0.381111608704768,0,0,0,0,0,0,0,38.1111608704768,100,0,333.511285275758,83.3552971131571,0,0,87.6358695652174,29.0943051016077,100,0,3566.60868077009,129.966421354328,0,0,0.44876159614039,0.121692084331294,0.470656648598072,0.138969158992538,0.832686952439957,0.127314993336672,0.9,0.0526425855701268,0.520526448153402,0.184158590168219,0.488587310406135,0.234544541228216,0.155954321408236,0.101012871902793,0.121282280918489,0.131622140912043,10.643115942029,11.3057250055421,8.33333333333333,14.84375,0,0,0,0,10.643115942029,11.3057250055421,8.33333333333333,14.84375,0,0,0,0,-2.19032153308298,0.925697216520898,-1.949177985222,0.753751333022849
no_battery,dr_coincident_high_load,1,True,92,421.981436831118,143.661792537154,433.026419300425,212.547041619969,214.481742408995,110.710420840019,180.009131802979,117.843761815453,421.981436831118,143.661792537154,433.026419300425,212.547041619969,11233.6878063057,2536.0128268417,11236.861391558,3169.36716991287,5.96365440816818,47.0104443442597,0,0,5.96365440816818,47.0104443442597,0,0,5452.96047315249,1525.03136661495,5554.25099546749,2245.12440201042,485.76496783804,80.9915324469285,497.202402337227,101.809622840529,944.477173913043,549.361797577953,762.35,737.45,938.513519504875,533.347830567277,762.35,737.45,99.7633069936416,1.79086554905932,100,0,938.513519504875,533.347830567277,762.35,737.45,0.997633069936416,0.0179086554905932,1,0,0,0,0,0,0,0,0,0,741.46442305408,206.905008988194,759.977135541418,326.629413229607,1137.99520000024,206.905008988194,759.977135541418,326.629413229607,13.7717391304348,12.7245572568066,13,27,448.347296284186,615.163791647763,108.97930699425,691.758784280324,162.24670631785,45.5920252271243,161.749763264199,65.7076139268129,132.415999355695,33.9316512036902,133.290976347869,51.6130483672798,82.6086956521739,38.1111608704768,100,0,0,38.1111608704768,100,0,16,0.381111608704768,0,0,0,0,0,0,0,38.1111608704768,100,0,574.666305905901,193.328315084015,0,0,82.6086956521739,38.1111608704768,100,0,13899.3231342058,332.646010148087,0,0,0.55,2.23261296799469e-16,0.55,0,0.55,2.23261296799469e-16,0.55,0,0.55,2.23261296799469e-16,0.55,0,0,0,0,0,0,0,0,0,0,0,0,0,0,0,0,0,0,0,0,0,-2.23418481676037,1.15323355041687,-1.87509512294769,1.22753918557764
rule_based,dr_coincident_high_load,1,True,92,383.4211993521,128.221924355621,390.252036551863,186.251101609195,395.256949457282,199.70631478776,389.154572876578,352.236085076554,383.4211993521,128.221924355621,390.252036551863,186.251101609195,10427.3546573229,2452.53909653544,10363.9576192247,2696.21876589351,83.1245006011876,183.781820766457,0,67.4661703160138,83.1245006011876,183.781820766457,0,67.4661703160138,4994.32196660267,1343.74701358547,4972.96793332657,1939.44522851601,482.86038588325,81.6045442319561,489.541767881863,99.9739988878847,944.477173913043,549.361797577953,762.35,737.45,939.146336344741,534.973438436211,762.35,737.45,99.7908216535019,1.77480875423646,100,0,939.146336344741,534.973438436211,762.35,737.45,0.997908216535019,0.0177480875423646,1,0,1045.63644193914,550.730586007882,1330,308.125002235173,0.130704555242393,0.0688413232509853,0.16625,0.0385156252793967,740.522770632231,205.751109471291,759.977135541418,322.500666549308,1137.99520000024,205.751109471291,759.977135541418,322.500666549308,12.9130434782609,12.1353648789536,11.5,23,408.261996854778,561.000970507834,106.525365962046,691.758784280324,199.083286506817,54.5802956330861,205.875634925411,77.0570569845777,157.995050833231,42.7967851369001,158.062157133794,61.3482285299478,86.1413043478261,33.8394988407994,100,0,20.3125,33.8394988407994,100,0,16,0.381111608704768,0,0,0,0,0,0,0,38.1111608704768,100,0,574.666305905901,175.719084332323,0,0,86.1413043478261,33.8394988407994,100,0,10548.9681925433,286.733076277571,0,0,0.298526887616113,0.154022191213678,0.2,0.35,0.562603957836092,0.0694661772652706,0.55,0,0.315421463301175,0.19033670182561,0.2,0.35,0.265499946553776,0.143509594790511,0.35,0.142083159671778,30.0724637681159,28.3103870867411,25,47.1354166666667,0,0,0,0,30.0724637681159,28.3103870867411,25,47.1354166666667,0,0,0,0,-4.11725989018002,2.0802741123725,-4.05369346746435,3.6691258862141
tou_self_consumption,dr_coincident_high_load,1,True,92,385.058742841027,125.795388756661,396.765182422412,178.243461657837,363.718539337674,180.944401158776,346.815269011575,293.512523142798,385.058742841027,125.795388756661,396.765182422412,178.243461657837,10684.6017544403,2510.85350372978,10613.1690551455,2884.14823477041,175.797565261732,221.777112137509,92.2376225602115,295.158389575653,175.797565261732,221.777112137509,92.2376225602115,295.158389575653,5118.98656542424,1374.25596546244,5116.82588597947,1831.23491938718,483.255129003716,81.80339689389,493.561528405875,100.01013492967,944.477173913043,549.361797577953,762.35,737.45,941.974511804801,542.44456277141,762.35,737.45,99.897589670333,0.709638229257667,100,0,941.974511804801,542.44456277141,762.35,737.45,0.99897589670333,0.0070963822925766,1,0,1033.82986176069,641.703467417555,1330,814.374988824129,0.129228732720086,0.0802129334271944,0.16625,0.101796873603016,755.602491011648,199.13225658027,767.634020639636,268.728995888764,1137.99520000024,199.13225658027,767.634020639636,268.728995888764,13.4347826086957,12.1657999721848,11.5,24.25,431.191509943309,589.821423434639,107.377387130963,691.758784280324,205.438351974853,58.788568220413,211.831935734174,90.6919704615778,158.839581957123,42.9752111124439,157.03889586114,66.2643286789768,83.1521739130435,37.2673544742296,100,0,3.125,37.2673544742296,100,0,16,0.381111608704768,0,0,0,0,0,0,0,38.1111608704768,100,0,574.666305905901,186.972854951329,0,0,83.1521739130435,37.2673544742296,100,0,13018.004979711,322.252673731041,0,0,0.324027460568011,0.162458109007962,0.2,0.35,0.582743113037967,0.0942664356699901,0.55,0,0.356770573605978,0.219777838129236,0.2,0.35,0.253137849470887,0.145833053954727,0.35,0.223167663227497,19.429347826087,18.9878802469705,14.0625,33.8541666666667,0,0,0,0,19.429347826087,18.9878802469705,14.0625,33.8541666666667,0,0,0,0,-3.78873478476744,1.88483751207058,-3.6126590522039,3.05742211607081
carbon_aware,dr_coincident_high_load,1,True,92,402.452726273874,131.965047632067,422.209534739477,179.979645757639,369.011746299151,176.563556733733,323.704652649566,300.634308215339,402.452726273874,131.965047632067,422.209534739477,179.979645757639,11250.889375971,2780.42484117,11011.8649252156,3292.27099829282,70.3572687929439,143.78624002323,0,68.2729271901428,70.3572687929439,143.78624002323,0,68.2729271901428,5287.19608577339,1318.31156676796,5340.30277953104,1914.49728901972,477.326291245248,81.6916967527316,479.327687362019,108.683123208993,944.477173913043,549.361797577953,762.35,737.45,939.146336344741,534.973438436211,762.35,737.45,99.7908216535019,1.77480875423646,100,0,939.146336344741,534.973438436211,762.35,737.45,0.997908216535019,0.0177480875423646,1,0,1671.44211497546,926.526644909326,1463.40458291141,143.684210526313,0.208930264371932,0.115815830613666,0.182925572863927,0.0179605263157891,825.112651855433,196.811754889969,816.127052370784,184.883458662474,1454.41003424365,196.811754889969,816.127052370784,184.883458662474,19.7717391304348,14.2197071582879,17,20.25,646.412495377445,756.504809536748,353.623327404704,879.16588746342,211.51970773273,47.6654476625928,215.24245145249,61.8180270061112,171.169196411224,39.7676405561562,177.160490324539,54.9987071611403,88.3152173913043,28.153105482413,100,0,32.8125,28.153105482413,100,0,16,0.381111608704768,0,0,0,0,0,0,0,38.1111608704768,100,0,574.666305905901,140.619048158347,0,0,88.3152173913043,28.153105482413,100,0,6187.1764715972,208.821996379773,0,0,0.377909419488208,0.176170121982351,0.320194300556997,0.3678125,0.718255840639847,0.1692507906125,0.730351557722316,0.35,0.516743622198824,0.313792443397874,0.440611641770964,0.7,0.297096658939122,0.101722428369137,0.35,0.0416211014473805,35.1902173913044,29.9794466276271,29.6875,54.4270833333333,0,0,0,0,35.1902173913044,29.9794466276271,29.6875,54.4270833333333,0,0,0,0,-3.84387235728282,1.83920371597639,-3.37192346509965,3.13160737724311
greedy_tracking,dr_coincident_high_load,1,True,92,413.03245806239,124.44497897861,422.153267168173,170.100471431223,225.879372366428,121.800736632952,188.347122367344,76.0337657353613,413.03245806239,124.44497897861,422.153267168173,170.100471431223,11189.8663708889,2121.88896700429,11115.4095478053,2646.31947324308,1.01796192497819,9.48339121131469,0,0,1.01796192497819,9.48339121131469,0,0,5384.78643718098,1329.23863336723,5469.71597989769,1681.64318900622,482.546728445714,81.2937704573527,493.567963047542,104.27742356424,944.477173913043,549.361797577953,762.35,737.45,943.459211988065,546.26792831872,762.35,737.45,99.9608522115923,0.359337921301887,100,0,943.459211988065,546.26792831872,762.35,737.45,0.999608522115923,0.0035933792130188,1,0,2643.99022977006,757.54862925207,2683.1467425128,1205.42331316057,0.330498778721257,0.0946935786565087,0.3353933428141,0.150677914145071,562.8893294726,177.940963321428,493.721324069026,170.225670468309,1137.99520000024,177.940963321428,493.721324069026,170.225670468309,3.07608695652174,7.83375858262284,0,0,121.833033871219,373.020134219625,0,0,54.6930652179083,61.9862124713768,39.6568040975522,72.1486673211161,22.2497421866405,32.6115458771271,9.96665547417452,23.5345624993058,88.0434782608696,29.5869599445053,100,0,31.25,29.5869599445053,100,0,16,0.381111608704768,0,0,0,0,0,0,0,38.1111608704768,100,0,547.631833967779,136.639145351022,0,0,88.0434782608696,29.5869599445053,100,0,6657.79513694159,237.427245142255,0,0,0.43365861534581,0.135175370534512,0.472324780318396,0.20202375534721,0.833131476567463,0.127364265265172,0.9,0.0521993985691983,0.506348664692908,0.197706745325533,0.487065896498787,0.286177984566041,0.171684571111452,0.105900120635328,0.143078541779194,0.174322443906176,10.9941123188406,11.4154460149329,8.33333333333333,14.84375,0,0,0,0,10.9941123188406,11.4154460149329,8.33333333333333,14.84375,0,0,0,0,-2.35291012881696,1.26875767325992,-1.9619491913265,0.792018393076681
