scenario,controller,seed,daily_cost_EUR,carbon_emissions_kgCO2,VPP_tracking_RMSE_kW,VPP_tracking_MAE_kW,battery_throughput_kWh,equivalent_full_cycles,terminal_SOC_error,mean_daily_peak_import_kW,physical_projection_fraction_pct,service_coaching_fraction_pct,DR_interval_compliance_pct,DR_event_compliance_pct,DR_violation_energy_kWh,DR_max_violation_kW,horizon_max_grid_import_kW,mean_daily_DR_violation_energy_kWh,mean_daily_max_DR_violation_kW,mean_daily_DR_interval_compliance_pct,mean_daily_DR_event_compliance_pct,secondary_daily_average_DR_compliance_pct,test_days
baseline_real,no_battery,0,415.37270805904717,5385.576472898254,152.54677645205018,127.02448843507999,0.0,0.0,0.0,711.6076191702887,0.0,0.0,0.0,0.0,8096.041257299392,356.40551977989185,1013.6242442103761,88.00044844890644,53.860838706386176,82.6086956521739,82.6086956521739,82.6086956521739,92
baseline_real,rule_based,0,376.8124831811913,4926.938206250728,192.66966451875416,153.90654531810134,1045.6364419391412,0.13070455524239263,0.2654999465537759,710.6005937281785,30.072463768115945,0.0,21.875,6.25,6034.802696316918,356.40551977989185,1013.6242442103761,65.59568148170563,43.46061223134369,86.41304347826087,83.69565217391305,86.41304347826087,92
baseline_real,tou_self_consumption,0,378.45001406895574,5051.602565170004,197.63130695770795,153.74969836811115,1033.8298617606877,0.12922873272008595,0.2531378494708872,725.6803141075959,19.429347826086953,0.0,6.25,6.25,7547.71967689419,356.40551977989185,1013.6242442103761,82.04043127058902,50.14526464036021,83.69565217391305,83.69565217391305,83.69565217391305,92
baseline_real,carbon_aware,0,395.84399750180336,5219.812085519149,206.77815247090265,168.98218899005127,1671.4421149754587,0.20893026437193232,0.2970966589391218,801.2945954303456,35.19021739130435,0.0,53.90625,37.5,3334.014607361664,356.40551977989185,1296.5413985647465,36.239289210452874,26.119066932906495,91.9836956521739,89.1304347826087,91.9836956521739,92
baseline_real,greedy_tracking,0,409.4065975959926,5348.380749806114,48.556319070005564,19.45016233372305,2581.783882009451,0.3227229852511814,0.15531447959550304,543.0417655954183,10.711050724637682,0.0,32.03125,0.0,3530.2414190528207,333.5112852757579,996.5413985647466,38.372189337530656,25.38734284460836,88.17934782608695,82.6086956521739,88.17934782608695,92
baseline_real,direct_safesac,1,391.44387299814036,5075.191062383384,111.5502983540095,90.57348297176456,2581.973255630485,0.3227466569538106,0.173544005340852,619.8750595956388,8.378623188405795,10.303442028985506,99.21875,93.75,1.6292894697963618,6.517157879185447,676.4698656123259,0.017709668149960455,0.07083867259984182,99.86413043478261,98.91304347826087,99.86413043478261,92
baseline_real,direct_safesac,2,406.79151412433976,5249.549681272958,163.38099799724708,137.03280765796782,2764.1535735807342,0.34551919669759185,0.11424248548425339,667.0653040134479,45.61820652173913,21.580615942028988,99.21875,93.75,1.6292894697963618,6.517157879185447,996.5413985647466,0.017709668149960455,0.07083867259984182,99.86413043478261,98.91304347826087,99.86413043478261,92
baseline_real,direct_safesac,3,399.13548294689105,5095.702889545639,172.18098604979218,142.20657317540204,2787.702556203724,0.34846281952546543,0.17894908470272794,689.908472433075,41.40625000000001,24.094202898550726,98.4375,87.5,5.937600517265878,17.233244189878064,996.5413985647466,0.06453913605723781,0.25815654422895123,99.72826086956522,97.82608695652173,99.72826086956522,92
baseline_real,direct_safesac,4,396.08471133387195,5117.693281940935,173.62201196268,145.72261654384033,3192.3628802613403,0.3990453600326676,0.16670238768048815,689.6196088295903,57.98233695652174,19.19157608695652,95.3125,75.0,318.96919983126173,333.5112852757579,996.5413985647466,3.4670565199050194,7.532082223657896,99.18478260869566,95.65217391304348,99.18478260869566,92
baseline_real,direct_safesac,5,399.240953222342,5135.547942306051,172.09837194292527,143.936136424861,3137.487164418664,0.3921858955523331,0.15600060114599126,675.3665654425241,50.50951086956522,18.61413043478261,99.21875,93.75,83.37782131893948,333.5112852757579,996.5413985647466,0.9062806665102118,3.625122666040847,99.86413043478261,98.91304347826087,99.86413043478261,92
baseline_real,residual_sac,1,386.07539795933957,4989.395998843701,88.69207592523888,76.60679645682286,3145.693523042281,0.39321169038028503,0.22248896653727498,579.7175023532358,0.41893115942028986,3.8043478260869565,100.0,100.0,0.0,0.0,996.5413985647466,0.0,0.0,100.0,100.0,100.0,92
baseline_real,residual_sac,2,387.4604370669299,5000.03118706684,96.05521387233799,85.83587606462112,2548.093738653975,0.3185117173317468,0.2168953944173493,585.1363733856349,0.44157608695652173,6.567028985507246,100.0,100.0,0.0,0.0,996.5413985647466,0.0,0.0,100.0,100.0,100.0,92
baseline_real,residual_sac,3,385.935648291876,5009.382008589345,85.24444312208905,74.13453414848787,2682.121501273398,0.33526518765917473,0.2062168192934773,553.0294911690772,0.14719202898550723,5.774456521739131,100.0,100.0,0.0,0.0,996.5413985647466,0.0,0.0,100.0,100.0,100.0,92
baseline_real,residual_sac,4,395.70721746512334,5089.219398753224,85.30440646229059,74.66243245382302,2730.122493674747,0.34126531170934343,0.17100597513212926,562.1163373932137,0.11322463768115944,6.419836956521739,100.0,100.0,0.0,0.0,882.7733913546999,0.0,0.0,100.0,100.0,100.0,92
baseline_real,residual_sac,5,396.2634878554343,5136.563122898385,83.03160511477431,72.72411219685613,3032.7634049878675,0.3790954256234834,0.13927438435302925,600.3130300251663,0.30570652173913043,6.736865942028986,100.0,100.0,0.0,0.0,726.902710088039,0.0,0.0,100.0,100.0,100.0,92
baseline_real,proposed_residual_safesac,1,391.2055820469282,5074.870924066451,81.0263067443096,69.68754578548977,3140.158531930257,0.3925198164912821,0.17676248427201524,583.6180925150031,0.4981884057971014,4.755434782608695,100.0,100.0,0.0,0.0,909.0337120378442,0.0,0.0,100.0,100.0,100.0,92
baseline_real,proposed_residual_safesac,2,391.2299418360277,5057.127460544788,86.46242572307567,76.7972263506522,2437.1389767060837,0.3046423720882605,0.17991726861948168,569.5465227021198,0.23777173913043478,6.317934782608695,99.21875,93.75,1.6292894697963618,6.517157879185447,996.5413985647466,0.017709668149960455,0.07083867259984182,99.86413043478261,98.91304347826087,99.86413043478261,92
baseline_real,proposed_residual_safesac,3,398.24652050885277,5155.69952259747,76.16633840344157,66.0310654242296,2590.4004745155435,0.323800059314443,0.1306401435985972,555.2417320520515,0.9057971014492755,5.502717391304347,100.0,100.0,0.0,0.0,996.5413985647466,0.0,0.0,100.0,100.0,100.0,92
baseline_real,proposed_residual_safesac,4,392.8800218459983,5074.510703838729,80.41200469412045,68.13264160737427,2697.508857960829,0.33718860724510363,0.17210041666586037,561.6025832768006,0.24909420289855075,5.310235507246377,100.0,100.0,0.0,0.0,952.3276157533571,0.0,0.0,100.0,100.0,100.0,92
baseline_real,proposed_residual_safesac,5,391.4561286165055,5095.860126514305,77.78193963535408,65.5654836787067,2841.211088250412,0.3551513860313015,0.1603410290788502,590.8752881931824,0.3396739130434782,4.630887681159421,100.0,100.0,0.0,0.0,996.5413985647466,0.0,0.0,100.0,100.0,100.0,92
low_it_load,no_battery,0,302.49780784209275,3936.794513665585,176.10798997877538,145.89269053227028,0.0,0.0,0.0,533.2774953772926,0.0,0.0,3.125,0.0,2306.4641354315763,141.46607279705938,760.218183157782,25.07026234164757,20.015693870406746,83.15217391304348,82.6086956521739,83.15217391304348,92
low_it_load,rule_based,0,267.7375435323626,3563.9784189227153,231.23887984779884,179.95036185682034,1061.125571985198,0.13264069649814975,0.2678717195939005,535.2727623642417,30.23097826086957,0.0,25.78125,18.75,1691.364013421061,138.1447336538821,760.218183157782,18.384391450228925,15.857700161373645,87.09239130434783,85.8695652173913,87.09239130434783,92
low_it_load,tou_self_consumption,0,269.91051830244936,3694.2024910196665,232.10487241767885,176.20810384085374,1104.85805401192,0.13810725675149002,0.2596641026883151,557.3839798325952,19.542572463768114,0.0,9.375,6.25,2148.1747542367193,141.46607279705938,818.6940258696035,23.349725589529562,18.62075494262285,84.23913043478261,83.69565217391305,84.23913043478261,92
low_it_load,carbon_aware,0,285.1427694414855,3835.63664352717,227.73111360586446,181.80766081788926,1671.4421149754587,0.20893026437193232,0.2970966589391218,647.8597239823952,35.19021739130435,0.0,58.59375,50.0,935.638138297461,138.1447336538821,1055.3687204769735,10.169979764102836,9.494407491094126,92.79891304347827,91.30434782608695,92.79891304347827,92
low_it_load,greedy_tracking,0,341.30598618518997,4522.022799364209,125.75647228104926,69.96387242409828,1822.2916739826896,0.22778645924783622,0.2983092476458232,497.5812571771959,37.74909420289855,0.0,84.375,50.0,9.520651815364545e-06,3.5509345934769954e-06,644.4795578408146,1.0348534581917983e-07,1.987102115702763e-07,97.28260869565217,91.30434782608695,97.28260869565217,92
low_it_load,direct_safesac,1,279.2887214933784,3631.3710735160353,178.7475501071071,156.30281956283758,2647.087452599507,0.3308859315749383,0.1733022043327949,519.9955743654581,3.9741847826086962,0.973731884057971,100.0,100.0,0.0,0.0,676.4698656123257,0.0,0.0,100.0,100.0,100.0,92
low_it_load,direct_safesac,2,309.47316161697637,3987.45654619295,201.52755146405204,167.28044762183328,2844.7666713239414,0.3555958339154927,0.07835052394972036,620.6800329673243,43.30842391304348,6.1707427536231885,100.0,100.0,0.0,0.0,676.4698656123257,0.0,0.0,100.0,100.0,100.0,92
low_it_load,direct_safesac,3,302.4177361006203,3838.184435153097,214.42853179682112,178.24533453121995,2793.1622247666487,0.34914527809583107,0.08448622790648468,620.863283420761,35.869565217391305,8.28804347826087,100.0,100.0,0.0,0.0,676.4698656123257,0.0,0.0,100.0,100.0,100.0,92
low_it_load,direct_safesac,4,296.32413026424086,3843.491983584896,219.1430581675273,181.5093171563741,3419.9802261971877,0.42749752827464843,0.09419991576697936,624.8976802790542,63.74547101449276,4.6875,100.0,100.0,0.0,0.0,676.4698656123257,0.0,0.0,100.0,100.0,100.0,92
low_it_load,direct_safesac,5,297.61958745278986,3825.534525831878,217.0973446818146,177.3537723842967,3356.4923601028113,0.41956154501285153,0.10308243914793615,611.3679048496746,57.91440217391303,3.7364130434782608,100.0,100.0,0.0,0.0,676.4698656123257,0.0,0.0,100.0,100.0,100.0,92
low_it_load,residual_sac,1,321.39738199038925,4208.534110985716,125.56223805641542,115.36656378098813,2655.742634565441,0.3319678293206802,0.15196144105923426,585.086298494249,6.521739130434784,1.528532608695652,100.0,100.0,0.0,0.0,676.4698656123257,0.0,0.0,100.0,100.0,100.0,92
low_it_load,residual_sac,2,321.9890314935403,4207.820908568393,121.0379122341215,113.0409391568729,2459.5559900320904,0.30744449875401125,0.13867198676078615,562.1949531263964,4.3478260869565215,1.8002717391304344,100.0,100.0,0.0,0.0,676.4698656123257,0.0,0.0,100.0,100.0,100.0,92
low_it_load,residual_sac,3,307.5094160601262,4026.1241326784652,124.76954545762969,118.66119987995974,2525.315903011113,0.31566448787638907,0.06516291297099584,484.67841133005857,2.7513586956521743,0.7246376811594202,100.0,100.0,0.0,0.0,676.4698656123257,0.0,0.0,100.0,100.0,100.0,92
low_it_load,residual_sac,4,329.07792443848547,4257.960886762326,115.66605024033547,106.02354463663481,2151.285891451995,0.2689107364314994,0.1563602857366584,497.8003753706918,9.873188405797102,1.392663043478261,100.0,100.0,0.0,0.0,676.4698656123257,0.0,0.0,100.0,100.0,100.0,92
low_it_load,residual_sac,5,325.14855504585387,4266.593170902025,122.39708679160195,109.45453500423379,2624.980675077042,0.3281225843846302,0.1674120531579784,585.8418414032639,8.038949275362318,2.321105072463768,100.0,100.0,0.0,0.0,676.4698656123257,0.0,0.0,100.0,100.0,100.0,92
low_it_load,proposed_residual_safesac,1,335.20588669476894,4397.8383478975275,118.58940266597912,99.11060234701291,2475.6851298059073,0.30946064122573846,0.22845605418348924,592.1037035222033,14.560688405797103,1.4379528985507248,100.0,100.0,0.0,0.0,676.4698656123257,0.0,0.0,100.0,100.0,100.0,92
low_it_load,proposed_residual_safesac,2,322.725018506735,4221.502274903284,116.82371581952565,106.98273795117528,2299.504994130074,0.2874381242662592,0.14383373818886563,536.0603339841855,5.095108695652173,1.132246376811594,100.0,100.0,0.0,0.0,676.4698656123257,0.0,0.0,100.0,100.0,100.0,92
low_it_load,proposed_residual_safesac,3,343.0109421479426,4477.837538243002,117.32403075255247,94.03276688749528,2130.7021795175415,0.26633777243969275,0.2765167288257866,524.5314580024168,13.756793478260873,2.6721014492753623,100.0,100.0,0.0,0.0,676.4698656123257,0.0,0.0,100.0,100.0,100.0,92
low_it_load,proposed_residual_safesac,4,324.6151318234338,4243.910564582303,116.93665619661171,104.5298109712762,2385.4220706905003,0.2981777588363125,0.15543821418754544,536.2877668946945,9.103260869565217,0.6680253623188406,100.0,100.0,0.0,0.0,676.4698656123257,0.0,0.0,100.0,100.0,100.0,92
low_it_load,proposed_residual_safesac,5,322.6646864153341,4239.284660539013,121.89278654695887,108.06622328312717,2532.6070613416437,0.3165758826677054,0.1520304468945514,571.5616933145986,9.295742753623188,1.358695652173913,100.0,100.0,0.0,0.0,676.4698656123257,0.0,0.0,100.0,100.0,100.0,92
high_it_load,no_battery,0,528.4071350310276,6838.564060859965,214.100273562197,170.84985797358505,0.0,0.0,0.0,890.1138621203571,0.0,0.0,0.0,0.0,13899.323134205843,574.6663059059015,1267.0303052629702,151.07959928484613,87.76870376551177,82.6086956521739,82.6086956521739,82.6086956521739,92
high_it_load,rule_based,0,487.9826363617889,6344.891637080462,229.57063962621757,185.74066407154695,1018.1854263714401,0.12727317829643,0.2656964880439083,887.9264187242723,29.947916666666675,0.0,20.3125,0.0,10548.968192543323,574.6663059059015,1267.0303052629702,114.66269774503613,76.22428676700882,86.1413043478261,82.6086956521739,86.1413043478261,92
high_it_load,tou_self_consumption,0,488.31414665771104,6439.067966240761,236.79114035502832,190.47292481170078,1004.753252124516,0.12559415651556452,0.24719907573410432,893.2757323112945,19.293478260869566,0.0,3.125,0.0,13018.004979710997,574.6663059059015,1267.0303052629702,141.50005412729345,82.98833843745692,83.15217391304348,82.6086956521739,83.15217391304348,92
high_it_load,carbon_aware,0,507.9420868874364,6646.208306688006,254.96981317791776,204.84061775681607,1671.4421149754587,0.20893026437193232,0.2970966589391218,965.0375472496041,35.19021739130435,0.0,32.8125,0.0,6187.176471597204,574.6663059059015,1545.6767482059333,67.25191816953483,53.60703331571194,88.31521739130434,82.6086956521739,88.31521739130434,92
high_it_load,greedy_tracking,0,481.04884652247637,6211.890922979885,138.8588979954432,76.73944738246428,2258.6499012290187,0.2823312376536274,0.33699404346304546,841.4291332086212,27.162590579710148,0.0,10.15625,0.0,11892.60177654097,574.6663059059015,1267.0303052629702,129.2674106145758,87.39759501212885,84.375,82.6086956521739,84.375,92
high_it_load,direct_safesac,1,494.3650070006897,6430.405785451652,147.14121846690608,118.56188369983091,2633.0590321580776,0.3291323790197597,0.21967638556251987,780.1152357758218,19.463315217391305,31.012228260869566,89.84375,68.75,1172.1724045995302,574.6663059059015,1267.0303052629702,12.741004397820978,24.523264038831652,98.2336956521739,94.56521739130434,98.2336956521739,92
high_it_load,direct_safesac,2,496.5688061981604,6444.158367417682,187.6135853713225,158.1110122635407,2874.887886697537,0.35936098583719217,0.22543059587331934,818.5529853203658,52.80797101449276,40.03623188405797,75.0,31.25,3172.5775365064405,574.6663059059015,1267.0303052629702,34.484538440287395,57.17424319234513,95.65217391304348,88.04347826086956,95.65217391304348,92
high_it_load,direct_safesac,3,494.5709256949207,6356.346849109488,194.38481360572513,161.1145874202369,2847.8426479627965,0.35598033099534954,0.2776684894842189,853.3737148637839,49.150815217391305,39.75317028985508,52.34375,6.25,6348.055671663968,574.6663059059015,1267.0303052629702,69.00060512678223,75.9924235761602,91.71195652173913,83.69565217391305,91.71195652173913,92
high_it_load,direct_safesac,4,495.3935569967351,6401.491953454491,194.86961865039547,163.65775925544472,2955.540524135809,0.3694425655169761,0.24974160368631831,832.2395628957283,55.57065217391305,38.48505434782608,55.46875,6.25,5857.457365782822,574.6663059059015,1267.0303052629702,63.66801484546545,81.50172337997601,92.2554347826087,83.69565217391305,92.2554347826087,92
high_it_load,direct_safesac,5,496.5875660718597,6410.593307009377,193.47955074077373,164.77035445025143,2973.339926353623,0.37166749079420286,0.24144444903129597,823.2106312027274,52.275815217391326,38.94927536231884,64.0625,6.25,4664.510808057646,574.6663059059015,1267.0303052629702,50.70120443540918,70.98137494570219,93.75,83.69565217391305,93.75,92
high_it_load,residual_sac,1,486.38758202361737,6235.890033016346,151.54293909972606,119.04588375908926,2944.47989786025,0.36805998723253114,0.33236794315209023,840.415973407777,16.734601449275363,7.823822463768117,30.46875,6.25,9044.17696225912,574.6663059059015,1267.0303052629702,98.30627132890348,75.09604444008565,87.90760869565217,83.69565217391305,87.90760869565217,92
high_it_load,residual_sac,2,488.3988669246867,6237.188621430536,169.8209200282768,133.9220524495211,2437.5602155676734,0.3046950269459592,0.3347918204018852,858.4718055325291,18.614130434782613,6.567028985507246,11.71875,0.0,12333.729217051816,574.6663059059015,1267.0303052629702,134.0622740983893,87.76870376551177,84.64673913043478,82.6086956521739,84.64673913043478,92
high_it_load,residual_sac,3,483.05490913163726,6245.702256171472,134.4541956372007,107.57789038905166,2711.433576031923,0.33892919700399043,0.32483114791643247,787.9286384131037,11.118659420289854,10.405344202898549,53.90625,31.25,5986.187840161731,555.3312467926586,1267.0303052629702,65.06725913219275,53.57141664843749,91.9836956521739,88.04347826086956,91.9836956521739,92
high_it_load,residual_sac,4,487.8439212138799,6258.019919482279,139.97154372322763,113.46879494819227,2974.5500552012545,0.3718187569001568,0.324386654443824,789.3121927730219,10.416666666666666,10.224184782608695,44.53125,6.25,7178.475660452028,574.6663059059015,1267.0303052629702,78.02690935273944,71.35322858119748,90.35326086956522,83.69565217391305,90.35326086956522,92
high_it_load,residual_sac,5,487.4204918454319,6287.956974799709,135.3805994028643,108.96400248958294,2846.700205261689,0.35583752565771104,0.3004259692009357,803.716538659829,9.997735507246377,10.620471014492754,48.4375,18.75,6704.071558265838,574.6663059059015,1267.0303052629702,72.87034302462867,63.918431704739106,91.03260869565217,85.8695652173913,91.03260869565217,92
high_it_load,proposed_residual_safesac,1,484.3815063358074,6234.306542644255,149.58381561851914,117.5272802261978,2850.9586662154384,0.3563698332769298,0.33126011089755747,838.3279591284432,15.87409420289855,7.733242753623188,42.96875,6.25,7555.3159133396075,574.6663059059015,1267.0303052629702,82.1229990580392,78.01698335367264,90.08152173913044,83.69565217391305,90.08152173913044,92
high_it_load,proposed_residual_safesac,2,485.86110950135617,6231.303090433666,151.04591517478903,118.6889729599788,2569.213100779936,0.3211516375974921,0.3335686654378057,845.3551557189036,14.221014492753623,7.189764492753622,28.90625,6.25,9585.168057042185,574.6663059059015,1267.0303052629702,104.18660931567592,81.57266616290582,87.63586956521739,83.69565217391305,87.63586956521739,92
high_it_load,proposed_residual_safesac,3,486.27145037810163,6230.074861383459,152.80962556574042,116.77193016947307,2524.627528064123,0.3155784410080153,0.33252443111242774,834.8507687094923,17.481884057971012,6.3292572463768115,13.28125,0.0,11395.924851773105,574.6663059059015,1267.0303052629702,123.8687483888381,87.13116380831003,84.91847826086956,82.6086956521739,84.91847826086956,92
high_it_load,proposed_residual_safesac,4,486.1371531983619,6252.468333935084,141.70969915106332,109.21438961271232,2662.6126926952306,0.33282658658690384,0.32206528437107,823.2294392196947,12.726449275362315,7.438858695652174,33.59375,0.0,8813.357683593844,574.6663059059015,1267.0303052629702,95.79736612602004,82.83600971760927,88.45108695652173,82.6086956521739,88.45108695652173,92
high_it_load,proposed_residual_safesac,5,486.60519568690785,6264.405345953108,150.3246978759967,115.63824481356936,2483.9635294415416,0.3104954411801927,0.3123088261013363,849.1529173038135,13.677536231884057,6.657608695652174,36.71875,6.25,8529.849065279119,574.6663059059015,1267.0303052629702,92.71575070955564,81.50172337997601,88.9945652173913,83.69565217391305,88.9945652173913,92
ai_training_bursty,no_battery,0,450.8535392570425,5802.598822097032,177.41322713843314,139.56979699720347,0.0,0.0,0.0,844.6645627415019,0.0,0.0,0.0,0.0,8096.041257299392,356.40551977989185,1394.0606057324624,88.00044844890644,53.860838706386176,82.6086956521739,82.6086956521739,82.6086956521739,92
ai_training_bursty,rule_based,0,411.7558725640815,5335.308056837325,213.79539960260098,166.03494182522675,1025.5223826988163,0.12819029783735203,0.2659504388674543,838.8066218292099,30.027173913043477,0.0,21.875,6.25,6034.802696316918,356.40551977989185,1394.0606057324624,65.59568148170563,43.46061223134369,86.41304347826087,83.69565217391305,86.41304347826087,92
ai_training_bursty,tou_self_consumption,0,413.27146514396367,5457.59768348003,218.8240198863659,165.83305658963326,1020.0534029992098,0.1275066753749012,0.2498659405150362,853.529612363548,19.38405797101449,0.0,6.25,6.25,7547.71967689419,356.40551977989185,1394.0606057324624,82.04043127058902,50.14526464036021,83.69565217391305,83.69565217391305,83.69565217391305,92
ai_training_bursty,carbon_aware,0,431.3248286997987,5636.834434717929,223.6146240681225,179.41932257651865,1671.4421149754587,0.20893026437193232,0.2970966589391218,893.5654985687542,35.19021739130435,0.0,53.90625,37.5,3334.014607361664,356.40551977989185,1394.0606057324624,36.239289210452874,26.119066932906495,91.9836956521739,89.1304347826087,91.9836956521739,92
ai_training_bursty,greedy_tracking,0,431.7188110120294,5608.782483505266,74.41474567405817,36.05864972112583,2490.070183967942,0.3112587729959927,0.21928932986356192,650.818343233907,15.466485507246375,0.0,19.53125,0.0,5283.465492611768,356.40551977989185,1387.9026853741793,57.42897274578008,36.13723483250037,86.0054347826087,82.6086956521739,86.0054347826087,92
ai_training_bursty,direct_safesac,1,423.6702762590277,5460.904287878184,132.41720172093974,108.5501014744016,2572.1845250582123,0.32152306563227656,0.18761201575204262,681.0329334783319,14.492753623188408,20.19927536231884,80.46875,68.75,1647.358342524758,356.40551977989185,1349.3045278658246,17.9060689404865,16.931826751503003,96.60326086956522,94.56521739130434,96.60326086956522,92
ai_training_bursty,direct_safesac,2,435.1495947038913,5591.0593310124,174.2227818657839,147.91557155090234,2797.566096909137,0.34969576211364206,0.14015567519444722,719.7309023854241,49.95471014492753,29.41576086956522,65.625,50.0,2828.0714304286685,356.40551977989185,1342.5629817788497,30.739906852485525,27.638768724432385,94.02173913043478,91.30434782608695,94.02173913043478,92
ai_training_bursty,direct_safesac,3,429.9091132130521,5465.215509597797,182.98195255193798,152.68463196542731,2796.257004804474,0.34953212560055924,0.2012597313487106,747.7088301667928,46.00317028985506,30.64990942028986,46.09375,31.25,4398.513571730715,356.40551977989185,1387.9026853741793,47.80993012750777,36.29815378530205,90.625,88.04347826086956,90.625,92
ai_training_bursty,direct_safesac,4,429.15937734364223,5503.152955618888,183.99522142779588,155.2718588838468,3111.902568181286,0.3889878210226608,0.18059618982078487,741.0805434741415,60.47327898550724,26.358695652173907,42.1875,25.0,4587.588985511864,356.40551977989185,1372.8832258478703,49.86509766860722,37.37797207619928,89.94565217391305,86.95652173913044,89.94565217391305,92
ai_training_bursty,direct_safesac,5,431.22555498124245,5511.25986855914,182.98010439587983,154.45775930301713,3046.8848204453425,0.3808606025556678,0.17472075535187492,728.0241216621289,53.01177536231885,26.619112318840575,48.4375,25.0,4164.142621847524,356.40551977989185,1387.9026853741793,45.26241980269048,36.32719842098287,91.03260869565217,86.95652173913044,91.03260869565217,92
ai_training_bursty,residual_sac,1,415.0440825336089,5329.217272564647,113.30056985009018,94.76896736159077,2780.008585469526,0.34750107318369083,0.25845092930380703,689.4961312582211,6.6915760869565215,5.083786231884058,33.59375,31.25,5293.728958977702,356.40551977989185,1387.9026853741793,57.54053216280111,36.137234436547914,88.45108695652173,88.04347826086956,88.45108695652173,92
ai_training_bursty,residual_sac,2,417.79858192785406,5355.189210226024,124.42161420464794,105.3925130239497,2276.568086238775,0.28457101077984676,0.24692774757640015,706.4672537746683,8.265398550724637,5.876358695652174,25.0,25.0,5993.99235194543,356.40551977989185,1387.9026853741793,65.15209078201553,40.1400760245499,86.95652173913044,86.95652173913044,86.95652173913044,92
ai_training_bursty,residual_sac,3,416.80207994721064,5366.854865924934,106.7525971991173,90.39754830832156,2543.396627895675,0.3179245784869594,0.23709726563900038,646.2520205738974,5.797101449275362,6.680253623188406,42.1875,37.5,4583.489371584795,356.40551977989185,1387.9026853741793,49.82053664766081,32.94885186390407,89.94565217391305,89.1304347826087,89.94565217391305,92
ai_training_bursty,residual_sac,4,423.31856949928425,5416.798714273615,110.87674438659943,95.85490083900362,2538.9580747691575,0.3173697593461447,0.21597256903258485,667.1133486226397,5.8650362318840585,7.393568840579709,37.5,31.25,4848.273156290232,356.40551977989185,1387.9026853741793,52.69862126402425,36.137234436547914,89.1304347826087,88.04347826086956,89.1304347826087,92
ai_training_bursty,residual_sac,5,422.6023615958376,5450.141357523249,105.55393561423979,90.89638745967092,2724.336079247134,0.34054200990589173,0.18938539703136115,688.3536630247379,5.04981884057971,8.242753623188406,46.09375,37.5,4278.675945197487,356.40551977989185,1387.9026853741793,46.50734723040746,32.94885186390407,90.625,89.1304347826087,90.625,92
ai_training_bursty,proposed_residual_safesac,1,417.8714972421862,5392.852859656804,103.38939118225343,87.66173125820205,2856.7074302009037,0.357088428775113,0.2262750076372342,670.7434412800231,6.091485507246376,5.264945652173912,50.0,31.25,3974.2757607242033,356.40551977989185,1387.9026853741793,43.19864957308916,35.09196092447635,91.30434782608695,88.04347826086956,91.30434782608695,92
ai_training_bursty,proposed_residual_safesac,2,419.4117437833441,5389.898406450541,112.67609555678705,96.02949485884417,2260.853569883187,0.2826066962353984,0.22282265829166797,678.4323483603147,6.2839673913043494,6.204710144927537,31.25,31.25,5503.013689616269,356.40551977989185,1387.9026853741793,59.81536619148119,36.30192287627846,88.04347826086956,88.04347826086956,88.04347826086956,92
ai_training_bursty,proposed_residual_safesac,3,425.3608609934457,5469.883636195766,104.62153414092928,86.05533506222368,2336.4049557226203,0.2920506194653275,0.18575271355802436,671.4874273824271,7.540760869565218,5.163043478260869,32.03125,25.0,5385.308762315128,356.40551977989185,1387.9026853741793,58.53596480777313,39.61636912662978,88.17934782608695,86.95652173913044,88.17934782608695,92
ai_training_bursty,proposed_residual_safesac,4,420.7067357213461,5404.976060351355,105.70172084077473,89.0990922498932,2484.1337642288845,0.3105167205286106,0.21631921518205477,671.602997722078,6.476449275362319,5.4913949275362315,31.25,25.0,5370.735203823431,356.40551977989185,1387.9026853741793,58.377556563298164,40.1400760245499,88.04347826086956,86.95652173913044,88.04347826086956,92
ai_training_bursty,proposed_residual_safesac,5,418.8256420758004,5416.32828387802,102.10174291286638,85.19370686154633,2636.228061205332,0.3295285076506665,0.20908092366203235,686.9926502244352,5.887681159420289,5.230978260869565,40.625,31.25,4724.951706459749,356.40551977989185,1387.9026853741793,51.35817072238859,36.137234436547914,89.67391304347827,88.04347826086956,89.67391304347827,92
smooth_cloud_service,no_battery,0,414.6280669480261,5381.843198062012,144.7380260614866,120.91645290903371,0.0,0.0,0.0,679.6920548914703,0.0,0.0,0.0,0.0,8772.757435381222,342.8143669040238,961.475911025145,95.35605908023066,52.62859013078785,82.6086956521739,82.6086956521739,82.6086956521739,92
smooth_cloud_service,rule_based,0,376.0571222208441,4923.197700328494,187.22542326269033,148.37382428627254,1043.8022028572973,0.13047527535716213,0.2659355783357139,678.3120407849298,30.061141304347824,0.0,21.09375,6.25,6547.636642205174,327.40697462726723,961.475911025145,71.16996350223016,42.417030846695425,86.27717391304348,83.69565217391305,86.27717391304348,92
smooth_cloud_service,tou_self_consumption,0,377.79027734528387,5049.363660795291,191.7139482423461,147.78695249876517,1034.066020001325,0.1292582525001656,0.25287163003576923,693.9722884221769,19.451992753623184,0.0,6.25,6.25,8188.232505976544,342.8143669040238,961.475911025145,89.00252723887549,49.15989960052366,83.69565217391305,83.69565217391305,83.69565217391305,92
smooth_cloud_service,carbon_aware,0,395.19996384050825,5219.249138353603,202.14816328657747,163.9819096877374,1671.4421149754587,0.20893026437193232,0.2970966589391218,780.9105900325167,35.19021739130435,0.0,52.34375,25.0,3637.8251646829435,322.45933826088276,1229.1917541967566,39.54157787698851,25.678626747652455,91.71195652173913,86.95652173913044,91.71195652173913,92
smooth_cloud_service,greedy_tracking,0,409.8287295609258,5354.709088395128,44.89992491716514,18.560699413175872,2456.5381362696558,0.30706726703370696,0.15343753486962972,537.0288858310109,10.74501811594203,0.0,34.375,0.0,3722.8780673078845,326.6763035738684,927.0421596857025,40.46606594899875,24.938854549150808,88.58695652173913,82.6086956521739,88.58695652173913,92
smooth_cloud_service,direct_safesac,1,390.9878690582403,5074.950695382611,106.82993586988695,85.77514473017457,2534.680803362803,0.3168351004203504,0.17167921481162418,605.0605955713937,7.620018115942031,8.95606884057971,99.21875,93.75,7.283919647031439,29.135678588125757,676.4698656123259,0.07917303964164608,0.31669215856658434,99.86413043478261,98.91304347826087,99.86413043478261,92
smooth_cloud_service,direct_safesac,2,407.30301351635427,5257.959992485345,160.80323723326833,135.07076540033583,2721.4407098973184,0.3401800887371648,0.10978466751803538,657.685610993307,45.39175724637681,20.765398550724637,98.4375,87.5,13.62216363168966,29.135678588125757,903.5052253829184,0.14806699599662673,0.5922679839865069,99.72826086956522,97.82608695652173,99.72826086956522,92
smooth_cloud_service,direct_safesac,3,399.08365824429103,5094.952488743581,170.58759405632733,140.21018590149933,2795.2565894070403,0.34940707367588,0.17901574776270518,669.9604272572112,41.836503623188406,23.233695652173918,98.4375,87.5,13.62216363168966,29.135678588125757,927.0421596857025,0.14806699599662673,0.5922679839865069,99.72826086956522,97.82608695652173,99.72826086956522,92
smooth_cloud_service,direct_safesac,4,395.6043193788317,5114.140441572812,172.324825104549,145.05012507465545,3204.6864153441356,0.400585801918017,0.16779855714386843,674.6692150822034,59.04664855072464,18.602807971014492,96.09375,75.0,143.79716426728302,307.66762213344316,927.0421596857025,1.5630126550791632,4.0910970351743945,99.32065217391305,95.65217391304348,99.32065217391305,92
smooth_cloud_service,direct_safesac,5,399.00753567649775,5135.212060803174,170.3088088401034,142.65050050478047,3140.1515538527733,0.3925189442315966,0.15534094087990427,660.9929175094707,51.55117753623187,18.512228260869566,99.21875,93.75,6.33824398465822,25.35297593863288,927.0421596857025,0.06889395635498065,0.2755758254199226,99.86413043478261,98.91304347826087,99.86413043478261,92
smooth_cloud_service,residual_sac,1,385.37385246492124,4981.600301811371,88.14030129892848,76.24269713212949,3033.1870031654976,0.37914837539568735,0.22493882500562282,571.0546410159277,0.3736413043478261,3.917572463768116,100.0,100.0,0.0,0.0,903.5052253829184,0.0,0.0,100.0,100.0,100.0,92
smooth_cloud_service,residual_sac,2,386.77336309549804,4991.673891079744,95.12343791275944,84.89986297459764,2439.6943829779652,0.30496179787224564,0.2198870265404981,576.9083025077841,0.4076086956521739,6.250000000000001,100.0,100.0,0.0,0.0,913.0015357047384,0.0,0.0,100.0,100.0,100.0,92
smooth_cloud_service,residual_sac,3,385.13662184989033,5002.272885127846,84.73500894557218,73.27663767968978,2571.128517484864,0.321391064685608,0.2080076850932175,548.3909780647966,0.10190217391304347,5.276268115942028,100.0,100.0,0.0,0.0,903.5052253829184,0.0,0.0,100.0,100.0,100.0,92
smooth_cloud_service,residual_sac,4,395.1127379601831,5083.048633409022,84.36735161011882,73.73177531280531,2658.5938692243103,0.3323242336530388,0.17300224902066577,555.9692150869212,0.06793478260869565,6.193387681159419,100.0,100.0,0.0,0.0,823.7529615437314,0.0,0.0,100.0,100.0,100.0,92
smooth_cloud_service,residual_sac,5,395.3326048268684,5128.239288124029,82.61917947459342,72.28166186117082,2926.6234056753688,0.365827925709421,0.14147900993739632,598.6123944901201,0.31702898550724634,6.4311594202898545,100.0,100.0,0.0,0.0,676.4698656123257,0.0,0.0,100.0,100.0,100.0,92
smooth_cloud_service,proposed_residual_safesac,1,390.26958143907194,5064.549119840543,80.70402007968943,69.51173689560508,3023.6652406168064,0.3779581550771006,0.18058927083877652,576.8345671868117,0.4076086956521739,4.528985507246377,100.0,100.0,0.0,0.0,753.6202466694325,0.0,0.0,100.0,100.0,100.0,92
smooth_cloud_service,proposed_residual_safesac,2,390.85408903601694,5052.432785526099,85.89167215071289,76.23627716872045,2332.1332183128457,0.29151665228910567,0.180848967613265,563.8020711199828,0.21512681159420288,6.182065217391305,99.21875,93.75,7.283919647031439,29.135678588125757,903.5052253829184,0.07917303964164608,0.31669215856658434,99.86413043478261,98.91304347826087,99.86413043478261,92
smooth_cloud_service,proposed_residual_safesac,3,397.65617726050755,5148.687478092086,75.2643640744875,65.35504600711457,2459.042115859308,0.30738026448241346,0.1325694956203897,549.129674961024,0.7699275362318841,5.29891304347826,100.0,100.0,0.0,0.0,927.0421596857025,0.0,0.0,100.0,100.0,100.0,92
smooth_cloud_service,proposed_residual_safesac,4,392.19568904456435,5067.287282862105,79.26553410831606,66.94662048669277,2602.3001760346415,0.3252875220043302,0.17427413247694173,553.5531081992785,0.20380434782608695,4.993206521739131,100.0,100.0,0.0,0.0,823.7529615437314,0.0,0.0,100.0,100.0,100.0,92
smooth_cloud_service,proposed_residual_safesac,5,390.85516831719497,5091.769108489002,77.15668854675256,64.96510445542545,2709.431348634476,0.3386789185793095,0.1599887540392638,587.2873676580865,0.31702898550724634,4.3478260869565215,100.0,100.0,0.0,0.0,891.6917631374533,0.0,0.0,100.0,100.0,100.0,92
workload_shiftable,no_battery,0,402.71589379951814,5323.65455787936,136.14350690722335,113.86317662747152,0.0,0.0,0.0,677.3339222605068,0.0,0.0,0.0,0.0,3491.840032171506,183.86102091289672,968.6677821130337,37.954782958385934,27.012733401617435,82.6086956521739,82.6086956521739,82.6086956521739,92
workload_shiftable,rule_based,0,364.3495424696739,4870.656061032705,185.07470501555466,144.39352443713926,1036.465246529921,0.1295581558162401,0.26593557833571385,676.8647472822604,30.038496376811597,0.0,23.4375,18.75,2577.076173634873,183.86102091289672,968.6677821130337,28.01169753950949,21.466951249594864,86.68478260869566,85.8695652173913,86.68478260869566,92
workload_shiftable,tou_self_consumption,0,366.56973401332687,5005.0498659315335,192.02906183054733,144.88249602847955,1024.7732569892023,0.1280966571236503,0.2506645988203901,695.638653792134,19.4633152173913,0.0,6.25,6.25,3253.611378484603,183.86102091289672,968.6677821130337,35.36534107048482,25.142239096232274,83.69565217391305,83.69565217391305,83.69565217391305,92
workload_shiftable,carbon_aware,0,383.3664754612982,5161.099353108202,214.96540340781124,167.92635054010307,1671.4421149754587,0.20893026437193232,0.2970966589391218,844.9755613858525,35.19021739130435,0.0,57.8125,50.0,1413.0835990405262,183.86102091289672,1287.5245888277873,15.359604337397027,12.822548174991645,92.66304347826087,91.30434782608695,92.66304347826087,92
workload_shiftable,greedy_tracking,0,411.0264041684192,5379.634357944879,32.49222819069203,15.867113831814203,2351.905557651312,0.2939881947064141,0.1551584970159453,533.3211763913661,11.152626811594203,0.0,29.6875,0.0,1662.7198925431676,164.30709011397812,968.6677821130337,18.073042310251825,12.465165697148217,87.77173913043478,82.6086956521739,87.77173913043478,92
workload_shiftable,direct_safesac,1,381.46893911474274,5034.604335016994,109.99300986867968,89.12378130117737,2482.074169368197,0.3102592711710247,0.1658448958346068,619.5973310117184,3.4080615942028993,7.801177536231883,100.0,100.0,0.0,0.0,676.4698656123259,0.0,0.0,100.0,100.0,100.0,92
workload_shiftable,direct_safesac,2,401.9246151162507,5258.079289802711,157.12897688473979,132.72457620938894,2691.980367485506,0.3364975459356882,0.08790115280328024,653.9463152764821,42.4026268115942,18.59148550724638,100.0,100.0,0.0,0.0,858.4057724766486,0.0,0.0,100.0,100.0,100.0,92
workload_shiftable,direct_safesac,3,394.66412409202474,5094.7350165176595,158.44697409811238,130.60568400231546,2782.4029025032305,0.3478003628129038,0.1583132671091673,655.0343617243863,36.26585144927537,17.66304347826087,100.0,100.0,0.0,0.0,912.9429621853086,0.0,0.0,100.0,100.0,100.0,92
workload_shiftable,direct_safesac,4,389.2428892682886,5097.009367005886,167.31241041766623,141.05295411626136,3100.873764545385,0.3876092205681731,0.15453563478941088,667.8205773909638,55.095108695652165,16.54211956521739,100.0,100.0,0.0,0.0,968.6677821130337,0.0,0.0,100.0,100.0,100.0,92
workload_shiftable,direct_safesac,5,391.94789426525193,5115.187088932806,165.8393657130511,138.791075931382,3014.316411464894,0.37678955143311166,0.14096821562876966,660.9435845559732,48.19972826086956,17.312047101449274,100.0,100.0,0.0,0.0,968.6677821130337,0.0,0.0,100.0,100.0,100.0,92
workload_shiftable,residual_sac,1,386.56717549298725,5016.575886514585,86.81017482977441,76.08353267484745,3146.263858172063,0.393282982271508,0.20707091982485576,571.8245704013433,0.373641304347826,3.408061594202899,100.0,100.0,0.0,0.0,858.4057724766486,0.0,0.0,100.0,100.0,100.0,92
workload_shiftable,residual_sac,2,387.4761754803858,5012.473250552956,90.9488608433113,81.3006503294735,2583.505627543133,0.3229382034428916,0.20667166412010582,571.778393331346,0.5208333333333334,5.4913949275362315,100.0,100.0,0.0,0.0,858.4057724766486,0.0,0.0,100.0,100.0,100.0,92
workload_shiftable,residual_sac,3,380.92215916764553,4995.7300562006785,85.96010666564341,75.73593978851899,2626.8901234006516,0.3283612654250815,0.19686086077005435,566.8509170169156,0.18115942028985504,5.197010869565218,100.0,100.0,0.0,0.0,858.4057724766486,0.0,0.0,100.0,100.0,100.0,92
workload_shiftable,residual_sac,4,394.43450488692395,5101.933732970727,79.96892646235169,69.31498043805279,2797.539408918268,0.3496924261147834,0.1566000063392344,554.7409948873554,0.05661231884057972,4.687499999999999,100.0,100.0,0.0,0.0,755.1751297695056,0.0,0.0,100.0,100.0,100.0,92
workload_shiftable,residual_sac,5,394.0896888657664,5140.676864394825,83.49721045869876,73.89229343585582,3004.7808997620027,0.3755976124702503,0.13169841278161143,599.2044564040207,0.04528985507246376,5.163043478260869,100.0,100.0,0.0,0.0,713.5010564808896,0.0,0.0,100.0,100.0,100.0,92
workload_shiftable,proposed_residual_safesac,1,391.72893569828665,5097.055491035446,80.30351681211347,69.27129175710604,3113.6710430174585,0.3892088803771823,0.16160193118193442,574.6415246125036,0.3057065217391304,4.528985507246377,100.0,100.0,0.0,0.0,676.4698656123257,0.0,0.0,100.0,100.0,100.0,92
workload_shiftable,proposed_residual_safesac,2,392.3754427458963,5083.143535322212,82.14913183560039,72.61941611354156,2515.128099260054,0.3143910124075067,0.1621927643943146,560.2854539388347,0.12454710144927535,5.41213768115942,100.0,100.0,0.0,0.0,858.4057724766486,0.0,0.0,100.0,100.0,100.0,92
workload_shiftable,proposed_residual_safesac,3,399.69402920380384,5182.936881470019,71.69312639847116,62.55037193450132,2488.8016246252546,0.3111002030781568,0.1266441963506711,542.0172415200631,0.4189311594202899,5.58197463768116,100.0,100.0,0.0,0.0,858.4057724766486,0.0,0.0,100.0,100.0,100.0,92
workload_shiftable,proposed_residual_safesac,4,390.49640840898104,5071.997911948277,76.94523914922198,64.68914314317146,2722.5426419411333,0.3403178302426417,0.16522102204614197,546.8153172283775,0.192481884057971,3.2721920289855073,100.0,100.0,0.0,0.0,767.6876634672582,0.0,0.0,100.0,100.0,100.0,92
workload_shiftable,proposed_residual_safesac,5,391.3812502910504,5112.678662034811,75.48236586422709,64.21663657013276,2778.5717620005776,0.34732147025007226,0.14572192011995447,586.8338568267862,0.12454710144927533,3.3740942028985503,100.0,100.0,0.0,0.0,858.4057724766486,0.0,0.0,100.0,100.0,100.0,92
hot_day_cooling_stress,no_battery,0,415.85860533718795,5392.147862200029,152.67521639954833,127.07430264485605,0.0,0.0,0.0,712.7793693693299,0.0,0.0,0.0,0.0,8113.337730751185,356.40551977989185,1013.6242442103761,88.18845359512157,54.05710351696441,82.6086956521739,82.6086956521739,82.6086956521739,92
hot_day_cooling_stress,rule_based,0,377.2954479855873,4933.423303040195,192.66397053842772,153.9147059293683,1045.6364419391412,0.13070455524239263,0.2654999465537759,711.7614566298768,30.072463768115945,0.0,21.875,6.25,6049.039180630858,356.40551977989185,1013.6242442103761,65.75042587642236,43.65687704192192,86.41304347826087,83.69565217391305,86.41304347826087,92
hot_day_cooling_stress,tou_self_consumption,0,378.8945274610185,5057.5060793567245,197.64637893412146,153.7550373474924,1032.3835663099371,0.12904794578874212,0.25279435430133396,726.8028621703954,19.429347826086953,0.0,6.25,6.25,7565.016150345982,356.40551977989185,1013.6242442103761,82.22843641680416,50.34152945093845,83.69565217391305,83.69565217391305,83.69565217391305,92
hot_day_cooling_stress,carbon_aware,0,396.32329863818575,5226.171740723643,206.88386363719403,169.0618794444428,1671.4421149754587,0.20893026437193232,0.2970966589391218,802.1324818738058,35.19021739130435,0.0,53.90625,37.5,3340.32852900906,356.40551977989185,1296.5413985647465,36.30791879357674,26.224592913727953,91.9836956521739,89.1304347826087,91.9836956521739,92
hot_day_cooling_stress,greedy_tracking,0,409.6087374200963,5350.854155930838,48.16083383356697,19.335662119687914,2585.727428546258,0.32321592856828224,0.15595432140823565,543.1500514624985,10.643115942028986,0.0,28.90625,0.0,3566.608680770094,333.5112852757579,996.5413985647466,38.7674856605445,25.447688408546604,87.63586956521739,82.6086956521739,87.63586956521739,92
hot_day_cooling_stress,direct_safesac,1,391.8852420185973,5080.844831149113,111.48746930831338,90.49158541868636,2578.52441202406,0.32231555150300745,0.17403704272538253,619.9671019575557,8.423913043478262,10.34873188405797,99.21875,93.75,2.6684397107534323,10.67375884301373,676.4698656123259,0.029004779464711222,0.11601911785884489,99.86413043478261,98.91304347826087,99.86413043478261,92
hot_day_cooling_stress,direct_safesac,2,407.13351859695877,5254.308186916307,163.30163523373542,137.02569451118316,2763.5273567223862,0.34544091959029827,0.1148627523935389,667.8084801502882,45.5955615942029,21.761775362318843,99.21875,93.75,2.6684397107534323,10.67375884301373,996.5413985647466,0.029004779464711222,0.11601911785884489,99.86413043478261,98.91304347826087,99.86413043478261,92
hot_day_cooling_stress,direct_safesac,3,399.52578988651067,5101.068047814302,172.14604953948796,142.11497429181355,2789.2969050155566,0.34866211312694456,0.17958672699311073,690.2973304805059,41.6893115942029,24.241394927536238,98.4375,87.5,7.006750148467603,17.353241750856682,996.5413985647466,0.07616032770073482,0.30464131080293927,99.72826086956522,97.82608695652173,99.72826086956522,92
hot_day_cooling_stress,direct_safesac,4,396.5720022296043,5124.313541596933,173.42890935878026,145.5755024233793,3187.8444941046155,0.39848056176307683,0.16675876880853685,690.334462644448,57.99365942028986,19.293478260869563,95.3125,75.0,318.13870068804846,333.5112852757579,996.5413985647466,3.458029355304875,7.49594114065449,99.18478260869566,95.65217391304348,99.18478260869566,92
hot_day_cooling_stress,direct_safesac,5,399.6928062034074,5141.914235316368,171.89426900469024,143.83669597268343,3131.4099856771463,0.3914262482096433,0.1560822864845721,675.0026178842232,50.78125,18.648097826086957,99.21875,93.75,83.37782131893948,333.5112852757579,996.5413985647466,0.9062806665102118,3.625122666040847,99.86413043478261,98.91304347826087,99.86413043478261,92
hot_day_cooling_stress,residual_sac,1,386.4367253066697,4993.919402546964,88.56499308181904,76.452239336014,3146.8028380267206,0.3933503547533399,0.22353646797965324,579.7344192080888,0.41893115942028986,3.8043478260869565,100.0,100.0,0.0,0.0,996.5413985647466,0.0,0.0,100.0,100.0,100.0,92
hot_day_cooling_stress,residual_sac,2,387.8066562612106,5004.301037620469,96.03785657802236,85.81661262909134,2548.1438189569876,0.31851797736962345,0.21816503528414352,586.3281730524776,0.45289855072463764,6.612318840579709,100.0,100.0,0.0,0.0,996.5413985647466,0.0,0.0,100.0,100.0,100.0,92
hot_day_cooling_stress,residual_sac,3,386.3215654425389,5014.386492783503,85.18270937653412,74.06270529863325,2680.974894891074,0.3351218618613842,0.20709796383612805,553.4843190675033,0.1698369565217391,5.853713768115941,100.0,100.0,0.0,0.0,996.5413985647466,0.0,0.0,100.0,100.0,100.0,92
hot_day_cooling_stress,residual_sac,4,396.1202660335122,5094.55857476556,85.26681837540971,74.60854018511819,2732.462488680185,0.34155781108502314,0.171727880620598,562.9088823674488,0.11322463768115944,6.476449275362318,100.0,100.0,0.0,0.0,885.1815788560467,0.0,0.0,100.0,100.0,100.0,92
hot_day_cooling_stress,residual_sac,5,396.6507928985971,5141.546873886128,82.96989872190017,72.6896068903336,3031.5415017922546,0.3789426877240317,0.14013320545475053,600.6361413447107,0.2943840579710145,6.838768115942028,100.0,100.0,0.0,0.0,726.902710088039,0.0,0.0,100.0,100.0,100.0,92
hot_day_cooling_stress,proposed_residual_safesac,1,391.4623649586243,5077.955924228324,80.97471451212712,69.62041546406218,3142.5059366876694,0.39281324208595875,0.1785765777320998,583.7401654250855,0.4755434782608695,4.7667572463768115,100.0,100.0,0.0,0.0,910.7811926912946,0.0,0.0,100.0,100.0,100.0,92
hot_day_cooling_stress,proposed_residual_safesac,2,391.570372974996,5061.346173817701,86.41276400820239,76.73078285813042,2437.511960958582,0.3046889951198228,0.1812362550793071,569.7605407283648,0.23777173913043478,6.351902173913044,99.21875,93.75,2.6684397107534323,10.67375884301373,996.5413985647466,0.029004779464711222,0.11601911785884489,99.86413043478261,98.91304347826087,99.86413043478261,92
hot_day_cooling_stress,proposed_residual_safesac,3,398.4793776354083,5158.603216655033,76.16631297104756,66.0437399588958,2590.8011996179484,0.3238501499522436,0.13225841198146004,555.505006604321,0.9057971014492755,5.525362318840581,100.0,100.0,0.0,0.0,996.5413985647466,0.0,0.0,100.0,100.0,100.0,92
hot_day_cooling_stress,proposed_residual_safesac,4,393.25630438201637,5079.346670707312,80.33845389543923,68.0662159895408,2698.3927648082563,0.3372990956010321,0.17310779406462343,562.0269580857077,0.23777173913043478,5.366847826086956,100.0,100.0,0.0,0.0,952.3276157533571,0.0,0.0,100.0,100.0,100.0,92
hot_day_cooling_stress,proposed_residual_safesac,5,391.82154396866804,5100.439719076444,77.72528824215702,65.51748368087364,2840.609546521363,0.3550761933151703,0.16141022609761252,590.9724836638424,0.3396739130434782,4.676177536231884,100.0,100.0,0.0,0.0,996.5413985647466,0.0,0.0,100.0,100.0,100.0,92
dr_coincident_high_load,no_battery,0,421.9814368311182,5452.9604731524905,162.24670631784994,132.4159993556947,0.0,0.0,0.0,741.4644230540798,0.0,0.0,0.0,0.0,13899.323134205843,574.6663059059015,1137.9952000002381,151.07959928484613,87.76870376551177,82.6086956521739,82.6086956521739,82.6086956521739,92
dr_coincident_high_load,rule_based,0,383.4211993521005,4994.32196660267,199.08328650681676,157.99505083323058,1045.6364419391412,0.13070455524239263,0.2654999465537759,740.5227706322311,30.072463768115945,0.0,20.3125,0.0,10548.968192543323,574.6663059059015,1137.9952000002381,114.66269774503613,76.22428676700882,86.1413043478261,82.6086956521739,86.1413043478261,92
dr_coincident_high_load,tou_self_consumption,0,385.05874284102697,5118.98656542424,205.4383519748526,158.83958195712293,1033.8298617606877,0.12922873272008595,0.2531378494708872,755.6024910116483,19.429347826086953,0.0,3.125,0.0,13018.004979710997,574.6663059059015,1137.9952000002381,141.50005412729345,82.98833843745692,83.15217391304348,82.6086956521739,83.15217391304348,92
dr_coincident_high_load,carbon_aware,0,402.4527262738745,5287.196085773387,211.51970773272976,171.16919641122394,1671.4421149754587,0.20893026437193232,0.2970966589391218,825.1126518554329,35.19021739130435,0.0,32.8125,0.0,6187.176471597204,574.6663059059015,1454.4100342436457,67.25191816953483,53.60703331571194,88.31521739130434,82.6086956521739,88.31521739130434,92
dr_coincident_high_load,greedy_tracking,0,413.03245806239016,5384.78643718098,54.69306521790826,22.249742186640468,2643.9902297700573,0.3304987787212572,0.1716845711114521,562.8893294726005,10.99411231884058,0.0,31.25,0.0,6657.795136941594,547.6318339677791,1137.9952000002381,72.36733844501734,41.74683374503431,88.04347826086956,82.6086956521739,88.04347826086956,92
dr_coincident_high_load,direct_safesac,1,395.3159618846898,5125.181178637975,115.69583309868217,93.66974988869666,2670.441563887239,0.3338051954859048,0.182293740288262,640.9423257236409,10.48460144927536,11.96784420289855,99.21875,93.75,7.164895404438653,28.65958161775461,1137.9952000002381,0.07787929787433319,0.31151719149733276,99.86413043478261,98.91304347826087,99.86413043478261,92
dr_coincident_high_load,direct_safesac,2,410.6370214426877,5296.267020802753,167.0229585257702,139.65823045291026,2839.4486764800617,0.35493108456000777,0.12385619581304218,699.9513640249363,46.85235507246377,22.52038043478261,95.3125,75.0,447.1644719472111,547.6318339677791,1137.9952000002381,4.860483390730555,11.740941382122791,99.18478260869566,95.65217391304348,99.18478260869566,92
dr_coincident_high_load,direct_safesac,3,403.87530032617184,5152.304735250492,177.77099761393978,146.18693138529156,2839.013999335729,0.35487674991696616,0.1834674348357712,728.4315479241194,42.00634057971015,24.422554347826093,80.46875,25.0,2176.3727312333353,555.3312467926586,1137.9952000002381,23.65622533949277,52.16617418909588,96.60326086956522,86.95652173913044,96.60326086956522,92
dr_coincident_high_load,direct_safesac,4,402.28670793689446,5181.818611686858,176.41827475331945,146.8817300445619,3205.1530509023837,0.400644131362798,0.1680123879991557,724.1828269172591,58.25407608695652,19.508605072463766,77.34375,18.75,2448.23971456761,574.6663059059015,1137.9952000002381,26.61130124530011,54.94868805691933,96.05978260869566,85.8695652173913,96.05978260869566,92
dr_coincident_high_load,direct_safesac,5,404.7711812620302,5195.304195115094,174.51499908157234,145.02991038368708,3169.1994384257155,0.3961499298032144,0.1597273280377234,706.1905375345873,51.24547101449276,19.338768115942027,89.84375,43.75,987.3288984269477,547.6318339677791,1137.9952000002381,10.731835852466823,26.705561366164897,98.2336956521739,90.21739130434783,98.2336956521739,92
dr_coincident_high_load,residual_sac,1,389.76096744078353,5033.466053744119,92.9247357467701,79.38959389951279,3200.3191717622844,0.4000398964702856,0.2322736014066415,608.4982714932104,1.6983695652173914,4.461050724637682,98.4375,93.75,253.4302805301936,547.6318339677791,1137.9952000002381,2.754676962284713,5.952519934432382,99.72826086956522,98.91304347826087,99.72826086956522,92
dr_coincident_high_load,residual_sac,2,390.9281746606531,5040.613277467187,101.61663292739449,89.28922660132287,2610.795187922684,0.32634939849033545,0.22853453910618873,619.6028096666365,1.8002717391304348,6.657608695652173,94.53125,68.75,458.5319622323403,547.6318339677791,1137.9952000002381,4.984043067742829,12.316444372183382,99.04891304347827,94.56521739130434,99.04891304347827,92
dr_coincident_high_load,residual_sac,3,389.32082667767236,5047.6793138449875,90.60306129093094,77.41268833268713,2737.191527670836,0.34214894095885445,0.21942050112974104,582.4251919023194,1.5851449275362317,6.465126811594202,94.53125,68.75,559.4871654202275,547.6318339677791,1137.9952000002381,6.08138223282856,16.71336016035248,99.04891304347827,94.56521739130434,99.04891304347827,92
dr_coincident_high_load,residual_sac,4,398.00513215689034,5118.291603174956,88.064742825939,76.50803861888967,2836.5100125629438,0.354563751570368,0.1893642965888115,580.4680227308819,0.9624094202898551,7.065217391304348,100.0,100.0,0.0,0.0,1137.9952000002381,0.0,0.0,100.0,100.0,100.0,92
dr_coincident_high_load,residual_sac,5,398.414028404792,5162.514620827508,85.23820386255791,74.48271016943372,3121.7228820681385,0.3902153602585173,0.15870706289454792,614.7138458360733,0.7246376811594202,7.393568840579711,99.21875,93.75,0.4025587934106625,1.61023517364265,1137.9952000002381,0.004375639058811548,0.017502556235246193,99.86413043478261,98.91304347826087,99.86413043478261,92
dr_coincident_high_load,proposed_residual_safesac,1,393.5133551013524,5102.908117705941,83.88839765044727,71.47492977232301,3228.0796711340536,0.4035099588917566,0.19502413508027755,600.9194999224376,1.3247282608695652,5.3894927536231885,99.21875,93.75,36.38210543365767,145.52842173463068,1137.9952000002381,0.3954576677571486,1.5818306710285943,99.86413043478261,98.91304347826087,99.86413043478261,92
dr_coincident_high_load,proposed_residual_safesac,2,394.3647681777953,5095.214037758083,91.5958950024161,79.85238194499674,2512.3784456578132,0.31404730570722666,0.19357538987224246,602.0264362092373,1.517210144927536,6.804800724637681,96.875,87.5,271.53310754705365,547.6318339677791,1137.9952000002381,2.9514468211636267,6.264037125929715,99.45652173913044,97.82608695652173,99.45652173913044,92
dr_coincident_high_load,proposed_residual_safesac,3,401.97386986300813,5198.370855225995,82.22772097500679,69.53040465867785,2649.396121829452,0.3311745152286815,0.1427649639674743,584.331383854572,2.3437500000000004,5.944293478260869,89.0625,50.0,1118.6202193785507,547.6318339677791,1137.9952000002381,12.158915428027726,28.826907424895193,98.09782608695652,91.30434782608695,98.09782608695652,92
dr_coincident_high_load,proposed_residual_safesac,4,395.624318172482,5109.020164907049,84.27451176658973,70.6878832422998,2795.256450724671,0.34940705634058394,0.18770894912241795,584.454241211529,1.2341485507246377,5.71784420289855,98.4375,87.5,65.61712777924163,243.54083483748127,1137.9952000002381,0.7132296497743655,2.852918599097462,99.72826086956522,97.82608695652173,99.72826086956522,92
dr_coincident_high_load,proposed_residual_safesac,5,394.3785226998939,5131.158132770222,82.69916123252483,68.7238567349366,2923.1249720061746,0.36539062150077184,0.1750563108783919,621.7382640985691,1.4605978260869565,5.015851449275362,98.4375,93.75,229.0177693333325,547.6318339677791,1137.9952000002381,2.4893235797101356,5.952519934432382,99.72826086956522,98.91304347826087,99.72826086956522,92
