scenario,controller,seeds,daily_cost_EUR_mean,daily_cost_EUR_std_across_seeds,carbon_emissions_kgCO2_mean,carbon_emissions_kgCO2_std_across_seeds,VPP_tracking_RMSE_kW_mean,VPP_tracking_RMSE_kW_std_across_seeds,VPP_tracking_MAE_kW_mean,VPP_tracking_MAE_kW_std_across_seeds,battery_throughput_kWh_mean,battery_throughput_kWh_std_across_seeds,equivalent_full_cycles_mean,equivalent_full_cycles_std_across_seeds,terminal_SOC_error_mean,terminal_SOC_error_std_across_seeds,mean_daily_peak_import_kW_mean,mean_daily_peak_import_kW_std_across_seeds,physical_projection_fraction_pct_mean,physical_projection_fraction_pct_std_across_seeds,service_coaching_fraction_pct_mean,service_coaching_fraction_pct_std_across_seeds,DR_interval_compliance_pct_mean,DR_interval_compliance_pct_std_across_seeds,DR_event_compliance_pct_mean,DR_event_compliance_pct_std_across_seeds,DR_violation_energy_kWh_mean,DR_violation_energy_kWh_std_across_seeds,DR_max_violation_kW_mean,DR_max_violation_kW_std_across_seeds,horizon_max_grid_import_kW_mean,horizon_max_grid_import_kW_std_across_seeds,mean_daily_DR_interval_compliance_pct_mean,mean_daily_DR_interval_compliance_pct_std_across_seeds,mean_daily_DR_event_compliance_pct_mean,mean_daily_DR_event_compliance_pct_std_across_seeds,mean_daily_DR_violation_energy_kWh_mean,mean_daily_DR_violation_energy_kWh_std_across_seeds,mean_daily_max_DR_violation_kW_mean,mean_daily_max_DR_violation_kW_std_across_seeds,secondary_daily_average_DR_compliance_pct_mean,secondary_daily_average_DR_compliance_pct_std_across_seeds
baseline_real,no_battery,1,415.37270805904717,0.0,5385.576472898254,0.0,152.54677645205018,0.0,127.02448843507999,0.0,0.0,0.0,0.0,0.0,0.0,0.0,711.6076191702887,0.0,0.0,0.0,0.0,0.0,0.0,0.0,0.0,0.0,8096.041257299392,0.0,356.40551977989185,0.0,1013.6242442103761,0.0,82.6086956521739,0.0,82.6086956521739,0.0,88.00044844890644,0.0,53.860838706386176,0.0,82.6086956521739,0.0
baseline_real,rule_based,1,376.8124831811913,0.0,4926.938206250728,0.0,192.66966451875416,0.0,153.90654531810134,0.0,1045.6364419391412,0.0,0.13070455524239263,0.0,0.2654999465537759,0.0,710.6005937281785,0.0,30.072463768115945,0.0,0.0,0.0,21.875,0.0,6.25,0.0,6034.802696316918,0.0,356.40551977989185,0.0,1013.6242442103761,0.0,86.41304347826087,0.0,83.69565217391305,0.0,65.59568148170563,0.0,43.46061223134369,0.0,86.41304347826087,0.0
baseline_real,tou_self_consumption,1,378.45001406895574,0.0,5051.602565170004,0.0,197.63130695770795,0.0,153.74969836811115,0.0,1033.8298617606877,0.0,0.12922873272008595,0.0,0.2531378494708872,0.0,725.6803141075959,0.0,19.429347826086953,0.0,0.0,0.0,6.25,0.0,6.25,0.0,7547.71967689419,0.0,356.40551977989185,0.0,1013.6242442103761,0.0,83.69565217391305,0.0,83.69565217391305,0.0,82.04043127058902,0.0,50.14526464036021,0.0,83.69565217391305,0.0
baseline_real,carbon_aware,1,395.84399750180336,0.0,5219.812085519149,0.0,206.77815247090265,0.0,168.98218899005127,0.0,1671.4421149754587,0.0,0.20893026437193232,0.0,0.2970966589391218,0.0,801.2945954303456,0.0,35.19021739130435,0.0,0.0,0.0,53.90625,0.0,37.5,0.0,3334.014607361664,0.0,356.40551977989185,0.0,1296.5413985647465,0.0,91.9836956521739,0.0,89.1304347826087,0.0,36.239289210452874,0.0,26.119066932906495,0.0,91.9836956521739,0.0
baseline_real,greedy_tracking,1,409.4065975959926,0.0,5348.380749806114,0.0,48.556319070005564,0.0,19.45016233372305,0.0,2581.783882009451,0.0,0.3227229852511814,0.0,0.15531447959550304,0.0,543.0417655954183,0.0,10.711050724637682,0.0,0.0,0.0,32.03125,0.0,0.0,0.0,3530.2414190528207,0.0,333.5112852757579,0.0,996.5413985647466,0.0,88.17934782608695,0.0,82.6086956521739,0.0,38.372189337530656,0.0,25.38734284460836,0.0,88.17934782608695,0.0
baseline_real,direct_safesac,5,398.53930692511705,5.59725109234217,5134.736971489792,68.08538426011057,158.56653326133082,26.593405372923375,131.89432335476712,23.325872554917705,2892.7358860189897,261.6382750320634,0.3615919857523737,0.03270478437900795,0.15788771287086253,0.025859555456524935,668.3670020628551,28.800455854266374,40.77898550724638,19.13265156791615,18.756793478260867,5.199289663320484,98.28125,1.6937096397405311,88.75,8.14900300650331,82.30864012141197,136.80297383825695,139.45802609995297,177.19959155783386,932.5270919742625,143.14034106883537,99.70108695652175,0.29455819821574325,98.04347826086958,1.417217914174489,0.894659131754478,1.4869888460680107,2.3114077558254755,3.2877586946024198,99.70108695652175,0.29455819821574325
baseline_real,residual_sac,5,390.28843772774064,5.2382837258822335,5044.918343230298,64.65633718978725,87.66554889934615,5.1076026148585285,76.79275026412219,5.243350209427196,2827.7589323264538,251.03037356713037,0.3534698665408067,0.03137879669589127,0.19117630794665202,0.035244939271620854,576.0625468652655,18.7669748106314,0.28532608695652173,0.15114534960113443,5.860507246376812,1.205738730490282,100.0,0.0,100.0,0.0,0.0,0.0,0.0,0.0,919.8600594273958,118.58334930387265,100.0,0.0,100.0,0.0,0.0,0.0,0.0,0.0,100.0,0.0
baseline_real,proposed_residual_safesac,5,393.0036389708625,3.0115148405590744,5091.613747512349,38.36391055256286,80.36980304006028,3.9344307467413167,69.2427925692905,4.537000723760952,2741.283585872625,267.52224753539423,0.34266044823407815,0.033440280941924236,0.16395226844696092,0.02005064768951977,572.1768437478315,14.883426852454438,0.44610507246376807,0.2772963610129475,5.303442028985508,0.6748321386443841,99.84375,0.34938562148434216,98.75,2.7950849718747373,0.32585789395927234,0.728640401897851,1.3034315758370894,2.914561607591404,970.1971046970882,39.186556032827184,99.97282608695653,0.06076271677988532,99.78260869565217,0.4861017342390825,0.003541933629992091,0.007920004368454903,0.014167734519968365,0.03168001747381961,99.97282608695653,0.06076271677988532
low_it_load,no_battery,1,302.49780784209275,0.0,3936.794513665585,0.0,176.10798997877538,0.0,145.89269053227028,0.0,0.0,0.0,0.0,0.0,0.0,0.0,533.2774953772926,0.0,0.0,0.0,0.0,0.0,3.125,0.0,0.0,0.0,2306.4641354315763,0.0,141.46607279705938,0.0,760.218183157782,0.0,83.15217391304348,0.0,82.6086956521739,0.0,25.07026234164757,0.0,20.015693870406746,0.0,83.15217391304348,0.0
low_it_load,rule_based,1,267.7375435323626,0.0,3563.9784189227153,0.0,231.23887984779884,0.0,179.95036185682034,0.0,1061.125571985198,0.0,0.13264069649814975,0.0,0.2678717195939005,0.0,535.2727623642417,0.0,30.23097826086957,0.0,0.0,0.0,25.78125,0.0,18.75,0.0,1691.364013421061,0.0,138.1447336538821,0.0,760.218183157782,0.0,87.09239130434783,0.0,85.8695652173913,0.0,18.384391450228925,0.0,15.857700161373645,0.0,87.09239130434783,0.0
low_it_load,tou_self_consumption,1,269.91051830244936,0.0,3694.2024910196665,0.0,232.10487241767885,0.0,176.20810384085374,0.0,1104.85805401192,0.0,0.13810725675149002,0.0,0.2596641026883151,0.0,557.3839798325952,0.0,19.542572463768114,0.0,0.0,0.0,9.375,0.0,6.25,0.0,2148.1747542367193,0.0,141.46607279705938,0.0,818.6940258696035,0.0,84.23913043478261,0.0,83.69565217391305,0.0,23.349725589529562,0.0,18.62075494262285,0.0,84.23913043478261,0.0
low_it_load,carbon_aware,1,285.1427694414855,0.0,3835.63664352717,0.0,227.73111360586446,0.0,181.80766081788926,0.0,1671.4421149754587,0.0,0.20893026437193232,0.0,0.2970966589391218,0.0,647.8597239823952,0.0,35.19021739130435,0.0,0.0,0.0,58.59375,0.0,50.0,0.0,935.638138297461,0.0,138.1447336538821,0.0,1055.3687204769735,0.0,92.79891304347827,0.0,91.30434782608695,0.0,10.169979764102836,0.0,9.494407491094126,0.0,92.79891304347827,0.0
low_it_load,greedy_tracking,1,341.30598618518997,0.0,4522.022799364209,0.0,125.75647228104926,0.0,69.96387242409828,0.0,1822.2916739826896,0.0,0.22778645924783622,0.0,0.2983092476458232,0.0,497.5812571771959,0.0,37.74909420289855,0.0,0.0,0.0,84.375,0.0,50.0,0.0,9.520651815364545e-06,0.0,3.5509345934769954e-06,0.0,644.4795578408146,0.0,97.28260869565217,0.0,91.30434782608695,0.0,1.0348534581917983e-07,0.0,1.987102115702763e-07,0.0,97.28260869565217,0.0
low_it_load,direct_safesac,5,297.02466738560116,11.174285856712519,3825.207712855771,126.88591662808535,206.18880724346445,16.803658570587004,172.13833825131232,10.328046232207107,3012.297786998019,351.47565103827145,0.37653722337475243,0.04393445637978397,0.10668426222078309,0.038413330039512014,599.5608951764544,44.75435218628609,40.96240942028985,23.484077381530803,4.771286231884058,2.7306346221899283,100.0,0.0,100.0,0.0,0.0,0.0,0.0,0.0,676.4698656123257,0.0,100.0,0.0,100.0,0.0,0.0,0.0,0.0,0.0,100.0,0.0
low_it_load,residual_sac,5,321.02446180567904,8.148501872782434,4193.406641979385,97.39554385736683,121.88656655602081,3.92102654379752,112.50935649173786,4.941889325883827,2483.3762188275364,201.47725011135256,0.31042202735344204,0.02518465626391908,0.1359137359371306,0.04086875678353594,543.120375944932,48.526970441883165,6.30661231884058,2.839207974394471,1.553442028985507,0.5838703757059174,100.0,0.0,100.0,0.0,0.0,0.0,0.0,0.0,676.4698656123257,0.0,100.0,0.0,100.0,0.0,0.0,0.0,0.0,0.0,100.0,0.0
low_it_load,proposed_residual_safesac,5,329.6443331176429,9.103328561460113,4316.074677233026,115.00089797868702,118.31331839632556,2.1202369830045207,102.54442828801739,5.881540984795934,2364.7842870971335,158.07056791151027,0.2955980358871416,0.01975882098893876,0.19125503645604766,0.05857402286580584,552.1089911436198,28.48848674249134,10.36231884057971,3.8605400951963484,1.4538043478260871,0.7440418171413903,100.0,0.0,100.0,0.0,0.0,0.0,0.0,0.0,676.4698656123257,0.0,100.0,0.0,100.0,0.0,0.0,0.0,0.0,0.0,100.0,0.0
high_it_load,no_battery,1,528.4071350310276,0.0,6838.564060859965,0.0,214.100273562197,0.0,170.84985797358505,0.0,0.0,0.0,0.0,0.0,0.0,0.0,890.1138621203571,0.0,0.0,0.0,0.0,0.0,0.0,0.0,0.0,0.0,13899.323134205843,0.0,574.6663059059015,0.0,1267.0303052629702,0.0,82.6086956521739,0.0,82.6086956521739,0.0,151.07959928484613,0.0,87.76870376551177,0.0,82.6086956521739,0.0
high_it_load,rule_based,1,487.9826363617889,0.0,6344.891637080462,0.0,229.57063962621757,0.0,185.74066407154695,0.0,1018.1854263714401,0.0,0.12727317829643,0.0,0.2656964880439083,0.0,887.9264187242723,0.0,29.947916666666675,0.0,0.0,0.0,20.3125,0.0,0.0,0.0,10548.968192543323,0.0,574.6663059059015,0.0,1267.0303052629702,0.0,86.1413043478261,0.0,82.6086956521739,0.0,114.66269774503613,0.0,76.22428676700882,0.0,86.1413043478261,0.0
high_it_load,tou_self_consumption,1,488.31414665771104,0.0,6439.067966240761,0.0,236.79114035502832,0.0,190.47292481170078,0.0,1004.753252124516,0.0,0.12559415651556452,0.0,0.24719907573410432,0.0,893.2757323112945,0.0,19.293478260869566,0.0,0.0,0.0,3.125,0.0,0.0,0.0,13018.004979710997,0.0,574.6663059059015,0.0,1267.0303052629702,0.0,83.15217391304348,0.0,82.6086956521739,0.0,141.50005412729345,0.0,82.98833843745692,0.0,83.15217391304348,0.0
high_it_load,carbon_aware,1,507.9420868874364,0.0,6646.208306688006,0.0,254.96981317791776,0.0,204.84061775681607,0.0,1671.4421149754587,0.0,0.20893026437193232,0.0,0.2970966589391218,0.0,965.0375472496041,0.0,35.19021739130435,0.0,0.0,0.0,32.8125,0.0,0.0,0.0,6187.176471597204,0.0,574.6663059059015,0.0,1545.6767482059333,0.0,88.31521739130434,0.0,82.6086956521739,0.0,67.25191816953483,0.0,53.60703331571194,0.0,88.31521739130434,0.0
high_it_load,greedy_tracking,1,481.04884652247637,0.0,6211.890922979885,0.0,138.8588979954432,0.0,76.73944738246428,0.0,2258.6499012290187,0.0,0.2823312376536274,0.0,0.33699404346304546,0.0,841.4291332086212,0.0,27.162590579710148,0.0,0.0,0.0,10.15625,0.0,0.0,0.0,11892.60177654097,0.0,574.6663059059015,0.0,1267.0303052629702,0.0,84.375,0.0,82.6086956521739,0.0,129.2674106145758,0.0,87.39759501212885,0.0,84.375,0.0
high_it_load,direct_safesac,5,495.4971723924731,1.059224357590382,6408.599252488538,33.63323931133393,183.49775736702458,20.53181301362518,153.24311941786095,19.55624178259698,2856.9340034615684,135.82947236151023,0.3571167504326961,0.016978684045188756,0.2427923047275345,0.022925053911391605,821.4984260116855,26.71882184222599,45.85371376811595,14.927725768586845,37.64719202898551,3.7604133529729316,67.34375,15.343161266709348,23.75,27.386127875258307,4242.954757322082,2108.980185352307,574.6663059059015,0.0,1267.0303052629702,0.0,94.32065217391303,2.6683758724711892,86.73913043478261,4.762804847871006,46.11907344915305,22.923697666872897,62.03460582660305,22.8284795129497,94.32065217391303,2.6683758724711892
high_it_load,residual_sac,5,486.62115422785064,2.1252659964315086,6252.951560980068,21.46616916509715,146.23403957825911,14.834976278573121,116.59572480708746,10.671774945248005,2782.944789984558,218.67514700946438,0.34786809874806973,0.027334393376183017,0.32336070702303354,0.01361081940281624,815.9690297572521,31.8241773078451,13.376358695652176,3.999503867892286,9.128170289855072,1.8248390653351576,37.8125,16.969498141886813,12.5,12.5,8249.328247638106,2548.0612120574892,570.7992940832529,8.646901305237582,1267.0303052629702,0.0,89.18478260869566,2.9512170681542274,84.78260869565217,2.1739130434782594,89.66661138737072,27.696317522364012,70.3415650279943,12.745864236706602,89.18478260869566,2.9512170681542274
high_it_load,proposed_residual_safesac,5,485.85128302010696,0.8641450598925712,6242.511634869914,15.215935584388335,149.09475067722173,4.2982054105902465,115.56816355638628,3.7216259292205125,2618.275103439254,146.0513690414925,0.3272843879299067,0.01825642113018657,0.32634546358403943,0.009080957670716257,838.1832480160695,10.081079574303944,14.796195652173912,1.8868538515056803,7.069746376811594,0.5720702130507628,31.09375,11.191252862168739,3.75,3.4232659844072884,9175.92311420557,1437.9779384355757,574.6663059059015,0.0,1267.0303052629702,0.0,88.0163043478261,1.946304845594564,83.26086956521739,0.5953506059838813,99.73829471962578,15.630194982995393,82.21170928449475,3.282490120824831,88.0163043478261,1.946304845594564
ai_training_bursty,no_battery,1,450.8535392570425,0.0,5802.598822097032,0.0,177.41322713843314,0.0,139.56979699720347,0.0,0.0,0.0,0.0,0.0,0.0,0.0,844.6645627415019,0.0,0.0,0.0,0.0,0.0,0.0,0.0,0.0,0.0,8096.041257299392,0.0,356.40551977989185,0.0,1394.0606057324624,0.0,82.6086956521739,0.0,82.6086956521739,0.0,88.00044844890644,0.0,53.860838706386176,0.0,82.6086956521739,0.0
ai_training_bursty,rule_based,1,411.7558725640815,0.0,5335.308056837325,0.0,213.79539960260098,0.0,166.03494182522675,0.0,1025.5223826988163,0.0,0.12819029783735203,0.0,0.2659504388674543,0.0,838.8066218292099,0.0,30.027173913043477,0.0,0.0,0.0,21.875,0.0,6.25,0.0,6034.802696316918,0.0,356.40551977989185,0.0,1394.0606057324624,0.0,86.41304347826087,0.0,83.69565217391305,0.0,65.59568148170563,0.0,43.46061223134369,0.0,86.41304347826087,0.0
ai_training_bursty,tou_self_consumption,1,413.27146514396367,0.0,5457.59768348003,0.0,218.8240198863659,0.0,165.83305658963326,0.0,1020.0534029992098,0.0,0.1275066753749012,0.0,0.2498659405150362,0.0,853.529612363548,0.0,19.38405797101449,0.0,0.0,0.0,6.25,0.0,6.25,0.0,7547.71967689419,0.0,356.40551977989185,0.0,1394.0606057324624,0.0,83.69565217391305,0.0,83.69565217391305,0.0,82.04043127058902,0.0,50.14526464036021,0.0,83.69565217391305,0.0
ai_training_bursty,carbon_aware,1,431.3248286997987,0.0,5636.834434717929,0.0,223.6146240681225,0.0,179.41932257651865,0.0,1671.4421149754587,0.0,0.20893026437193232,0.0,0.2970966589391218,0.0,893.5654985687542,0.0,35.19021739130435,0.0,0.0,0.0,53.90625,0.0,37.5,0.0,3334.014607361664,0.0,356.40551977989185,0.0,1394.0606057324624,0.0,91.9836956521739,0.0,89.1304347826087,0.0,36.239289210452874,0.0,26.119066932906495,0.0,91.9836956521739,0.0
ai_training_bursty,greedy_tracking,1,431.7188110120294,0.0,5608.782483505266,0.0,74.41474567405817,0.0,36.05864972112583,0.0,2490.070183967942,0.0,0.3112587729959927,0.0,0.21928932986356192,0.0,650.818343233907,0.0,15.466485507246375,0.0,0.0,0.0,19.53125,0.0,0.0,0.0,5283.465492611768,0.0,356.40551977989185,0.0,1387.9026853741793,0.0,86.0054347826087,0.0,82.6086956521739,0.0,57.42897274578008,0.0,36.13723483250037,0.0,86.0054347826087,0.0
ai_training_bursty,direct_safesac,5,429.8227833001712,4.142571403378423,5506.318390533282,52.36256467584275,171.31945239246747,22.104718190311385,143.77598463551902,19.897351936501252,2864.9590030796903,217.40330650608578,0.35811987538496126,0.027175413313260725,0.17686887349357205,0.02278538610820524,723.5154662333638,26.14032939476211,44.78713768115942,17.74564693052826,26.64855072463768,4.041854731408678,56.5625,16.092612217062523,40.0,19.059938352471132,3525.134990408706,1256.171976387994,356.40551977989185,0.0,1368.1112212481808,21.287205008884317,92.44565217391305,2.7987151681847866,89.56521739130434,3.3147718873862817,38.3166846783555,13.65404322160863,30.914783951683923,8.750758105974846,92.44565217391305,2.7987151681847866
ai_training_bursty,residual_sac,5,419.11313510075905,3.6567264997407674,5383.640284102495,48.925842635805175,112.18109225093892,7.5195195119176,95.46206339850731,6.036208309271699,2572.6534907240534,197.26990064763376,0.32158168634050666,0.024658737580954267,0.2295667817166307,0.02734845333493112,679.536483450833,23.261520684847945,6.333786231884058,1.226322664616259,6.65534420289855,1.2391607683511767,36.875,8.14525719936148,32.5,5.2291251658379725,4999.631956799129,669.1612941792957,356.40551977989185,0.0,1387.9026853741793,0.0,89.02173913043478,1.4165664694541704,88.26086956521739,0.9094130723196501,54.34382561738183,7.273492328035823,35.66244972509077,2.9676255250009658,89.02173913043478,1.4165664694541704
ai_training_bursty,proposed_residual_safesac,5,420.4352959632245,2.938816896025615,5414.787849306497,32.53773966768865,105.69809692672217,4.126601199934822,88.8078720581419,4.306649910056962,2514.865556248186,239.21718301301775,0.3143581945310232,0.029902147876627226,0.21205010366620272,0.0161011637442559,675.8517729938555,6.963712578672267,6.456068840579711,0.6447047059987103,5.471014492753623,0.4282676083897463,37.03125,8.26058742992894,28.75,3.4232659844072884,4991.6570245877565,645.434729123685,356.40551977989185,0.0,1387.9026853741793,0.0,89.04891304347825,1.4366239008572077,87.6086956521739,0.5953506059838735,54.257141571606056,7.015594881779184,37.457512677696485,2.265566419095719,89.04891304347825,1.4366239008572077
smooth_cloud_service,no_battery,1,414.6280669480261,0.0,5381.843198062012,0.0,144.7380260614866,0.0,120.91645290903371,0.0,0.0,0.0,0.0,0.0,0.0,0.0,679.6920548914703,0.0,0.0,0.0,0.0,0.0,0.0,0.0,0.0,0.0,8772.757435381222,0.0,342.8143669040238,0.0,961.475911025145,0.0,82.6086956521739,0.0,82.6086956521739,0.0,95.35605908023066,0.0,52.62859013078785,0.0,82.6086956521739,0.0
smooth_cloud_service,rule_based,1,376.0571222208441,0.0,4923.197700328494,0.0,187.22542326269033,0.0,148.37382428627254,0.0,1043.8022028572973,0.0,0.13047527535716213,0.0,0.2659355783357139,0.0,678.3120407849298,0.0,30.061141304347824,0.0,0.0,0.0,21.09375,0.0,6.25,0.0,6547.636642205174,0.0,327.40697462726723,0.0,961.475911025145,0.0,86.27717391304348,0.0,83.69565217391305,0.0,71.16996350223016,0.0,42.417030846695425,0.0,86.27717391304348,0.0
smooth_cloud_service,tou_self_consumption,1,377.79027734528387,0.0,5049.363660795291,0.0,191.7139482423461,0.0,147.78695249876517,0.0,1034.066020001325,0.0,0.1292582525001656,0.0,0.25287163003576923,0.0,693.9722884221769,0.0,19.451992753623184,0.0,0.0,0.0,6.25,0.0,6.25,0.0,8188.232505976544,0.0,342.8143669040238,0.0,961.475911025145,0.0,83.69565217391305,0.0,83.69565217391305,0.0,89.00252723887549,0.0,49.15989960052366,0.0,83.69565217391305,0.0
smooth_cloud_service,carbon_aware,1,395.19996384050825,0.0,5219.249138353603,0.0,202.14816328657747,0.0,163.9819096877374,0.0,1671.4421149754587,0.0,0.20893026437193232,0.0,0.2970966589391218,0.0,780.9105900325167,0.0,35.19021739130435,0.0,0.0,0.0,52.34375,0.0,25.0,0.0,3637.8251646829435,0.0,322.45933826088276,0.0,1229.1917541967566,0.0,91.71195652173913,0.0,86.95652173913044,0.0,39.54157787698851,0.0,25.678626747652455,0.0,91.71195652173913,0.0
smooth_cloud_service,greedy_tracking,1,409.8287295609258,0.0,5354.709088395128,0.0,44.89992491716514,0.0,18.560699413175872,0.0,2456.5381362696558,0.0,0.30706726703370696,0.0,0.15343753486962972,0.0,537.0288858310109,0.0,10.74501811594203,0.0,0.0,0.0,34.375,0.0,0.0,0.0,3722.8780673078845,0.0,326.6763035738684,0.0,927.0421596857025,0.0,88.58695652173913,0.0,82.6086956521739,0.0,40.46606594899875,0.0,24.938854549150808,0.0,88.58695652173913,0.0
smooth_cloud_service,direct_safesac,5,398.397279174843,5.97611111184589,5135.443135797504,72.04697459947108,156.17088022082703,27.949329686497254,129.75134432228913,24.859759960020526,2879.243214372814,284.89694511417713,0.3599054017966018,0.03561211813927214,0.15672382562322748,0.02760634017096781,653.6737532827173,28.01325327081524,41.08922101449275,19.819053521611902,18.01403985507246,5.418866574150149,98.28125,1.283724744152733,87.5,7.654655446197432,36.9327310324704,59.83695941886271,84.08552676729066,124.99692330203571,872.2203140104702,109.90141948284091,99.70108695652173,0.22325647724395253,97.82608695652175,1.33124442542564,0.4014427286138087,0.650401732813725,1.173580197426783,1.6377134395870057,99.70108695652173,0.22325647724395253
smooth_cloud_service,residual_sac,5,389.5458360394722,5.220400198610246,5037.366999910402,64.7571735565506,86.99705584839447,4.963443807777462,76.08652699207862,5.1384971620290765,2725.845435705601,247.54451885919985,0.3407306794632002,0.030943064857400015,0.19346295911948008,0.03543120854669387,570.18710623311,19.564915922580823,0.25362318840579706,0.15782556034151107,5.613677536231884,1.0487926742841576,100.0,0.0,100.0,0.0,0.0,0.0,0.0,0.0,844.0469627253266,100.39824835632105,100.0,0.0,100.0,0.0,0.0,0.0,0.0,0.0,100.0,0.0
smooth_cloud_service,proposed_residual_safesac,5,392.3661410194712,3.040494988035806,5084.945154961968,38.38783323485274,79.65645579199169,4.051772441630677,68.60295700271166,4.6265485325439615,2625.314419891615,264.52333807305934,0.3281643024864519,0.03306541725913237,0.16565412411772734,0.02034044911917428,566.1213578250366,15.928199075136982,0.3826992753623188,0.23182036036358206,5.070199275362318,0.7261575433413351,99.84375,0.34938562148434216,98.75,2.7950849718747373,1.4567839294062879,3.257467894681714,5.8271357176251515,13.029871578726857,859.9224712838477,70.74989986515115,99.97282608695653,0.06076271677988532,99.78260869565217,0.4861017342390825,0.015834607928329216,0.03540725972480124,0.06333843171331686,0.14162903889920497,99.97282608695653,0.06076271677988532
workload_shiftable,no_battery,1,402.71589379951814,0.0,5323.65455787936,0.0,136.14350690722335,0.0,113.86317662747152,0.0,0.0,0.0,0.0,0.0,0.0,0.0,677.3339222605068,0.0,0.0,0.0,0.0,0.0,0.0,0.0,0.0,0.0,3491.840032171506,0.0,183.86102091289672,0.0,968.6677821130337,0.0,82.6086956521739,0.0,82.6086956521739,0.0,37.954782958385934,0.0,27.012733401617435,0.0,82.6086956521739,0.0
workload_shiftable,rule_based,1,364.3495424696739,0.0,4870.656061032705,0.0,185.07470501555466,0.0,144.39352443713926,0.0,1036.465246529921,0.0,0.1295581558162401,0.0,0.26593557833571385,0.0,676.8647472822604,0.0,30.038496376811597,0.0,0.0,0.0,23.4375,0.0,18.75,0.0,2577.076173634873,0.0,183.86102091289672,0.0,968.6677821130337,0.0,86.68478260869566,0.0,85.8695652173913,0.0,28.01169753950949,0.0,21.466951249594864,0.0,86.68478260869566,0.0
workload_shiftable,tou_self_consumption,1,366.56973401332687,0.0,5005.0498659315335,0.0,192.02906183054733,0.0,144.88249602847955,0.0,1024.7732569892023,0.0,0.1280966571236503,0.0,0.2506645988203901,0.0,695.638653792134,0.0,19.4633152173913,0.0,0.0,0.0,6.25,0.0,6.25,0.0,3253.611378484603,0.0,183.86102091289672,0.0,968.6677821130337,0.0,83.69565217391305,0.0,83.69565217391305,0.0,35.36534107048482,0.0,25.142239096232274,0.0,83.69565217391305,0.0
workload_shiftable,carbon_aware,1,383.3664754612982,0.0,5161.099353108202,0.0,214.96540340781124,0.0,167.92635054010307,0.0,1671.4421149754587,0.0,0.20893026437193232,0.0,0.2970966589391218,0.0,844.9755613858525,0.0,35.19021739130435,0.0,0.0,0.0,57.8125,0.0,50.0,0.0,1413.0835990405262,0.0,183.86102091289672,0.0,1287.5245888277873,0.0,92.66304347826087,0.0,91.30434782608695,0.0,15.359604337397027,0.0,12.822548174991645,0.0,92.66304347826087,0.0
workload_shiftable,greedy_tracking,1,411.0264041684192,0.0,5379.634357944879,0.0,32.49222819069203,0.0,15.867113831814203,0.0,2351.905557651312,0.0,0.2939881947064141,0.0,0.1551584970159453,0.0,533.3211763913661,0.0,11.152626811594203,0.0,0.0,0.0,29.6875,0.0,0.0,0.0,1662.7198925431676,0.0,164.30709011397812,0.0,968.6677821130337,0.0,87.77173913043478,0.0,82.6086956521739,0.0,18.073042310251825,0.0,12.465165697148217,0.0,87.77173913043478,0.0
workload_shiftable,direct_safesac,5,391.84969237131173,7.483151048033121,5119.923019455211,82.98845243325007,151.74414739644985,23.759880850730717,126.45961431210503,21.303958437210976,2814.3295230734425,249.24114973712642,0.3517911903841803,0.031155143717140774,0.14151263323304697,0.03129858661300408,651.4684339919048,18.65337779989549,37.074275362318836,20.068538587153668,15.58197463768116,4.411457688195215,100.0,0.0,100.0,0.0,0.0,0.0,0.0,0.0,877.0308329000702,121.09493840277753,100.0,0.0,100.0,0.0,0.0,0.0,0.0,0.0,100.0,0.0
workload_shiftable,residual_sac,5,388.6979407787418,5.667335485303553,5053.477958126755,63.893623467885256,85.43705585195592,4.0682450551456775,75.2654793333497,4.3187935200086125,2831.7959835592237,241.672221573587,0.35397449794490293,0.030209027696698407,0.17978037276717235,0.033944303069657865,572.8798664081962,16.284024547555486,0.2355072463768116,0.2071423007998748,4.789402173913044,0.8241711517378596,100.0,0.0,100.0,0.0,0.0,0.0,0.0,0.0,808.7787007360682,69.53364484876698,100.0,0.0,100.0,0.0,0.0,0.0,0.0,0.0,100.0,0.0
workload_shiftable,proposed_residual_safesac,5,393.13521326960364,3.7286931872166367,5109.562496362153,43.75784376919276,77.3146760119268,4.1048994070909846,66.66937190369063,4.1556103742239205,2723.7430341688955,251.87751954428123,0.34046787927111194,0.03148468994303518,0.1522763668186033,0.016223702759825,562.118678825313,18.7702095196226,0.2332427536231884,0.12749717627046422,4.433876811594203,1.0905066853319978,100.0,0.0,100.0,0.0,0.0,0.0,0.0,0.0,803.8749693019059,81.33634955290684,100.0,0.0,100.0,0.0,0.0,0.0,0.0,0.0,100.0,0.0
hot_day_cooling_stress,no_battery,1,415.85860533718795,0.0,5392.147862200029,0.0,152.67521639954833,0.0,127.07430264485605,0.0,0.0,0.0,0.0,0.0,0.0,0.0,712.7793693693299,0.0,0.0,0.0,0.0,0.0,0.0,0.0,0.0,0.0,8113.337730751185,0.0,356.40551977989185,0.0,1013.6242442103761,0.0,82.6086956521739,0.0,82.6086956521739,0.0,88.18845359512157,0.0,54.05710351696441,0.0,82.6086956521739,0.0
hot_day_cooling_stress,rule_based,1,377.2954479855873,0.0,4933.423303040195,0.0,192.66397053842772,0.0,153.9147059293683,0.0,1045.6364419391412,0.0,0.13070455524239263,0.0,0.2654999465537759,0.0,711.7614566298768,0.0,30.072463768115945,0.0,0.0,0.0,21.875,0.0,6.25,0.0,6049.039180630858,0.0,356.40551977989185,0.0,1013.6242442103761,0.0,86.41304347826087,0.0,83.69565217391305,0.0,65.75042587642236,0.0,43.65687704192192,0.0,86.41304347826087,0.0
hot_day_cooling_stress,tou_self_consumption,1,378.8945274610185,0.0,5057.5060793567245,0.0,197.64637893412146,0.0,153.7550373474924,0.0,1032.3835663099371,0.0,0.12904794578874212,0.0,0.25279435430133396,0.0,726.8028621703954,0.0,19.429347826086953,0.0,0.0,0.0,6.25,0.0,6.25,0.0,7565.016150345982,0.0,356.40551977989185,0.0,1013.6242442103761,0.0,83.69565217391305,0.0,83.69565217391305,0.0,82.22843641680416,0.0,50.34152945093845,0.0,83.69565217391305,0.0
hot_day_cooling_stress,carbon_aware,1,396.32329863818575,0.0,5226.171740723643,0.0,206.88386363719403,0.0,169.0618794444428,0.0,1671.4421149754587,0.0,0.20893026437193232,0.0,0.2970966589391218,0.0,802.1324818738058,0.0,35.19021739130435,0.0,0.0,0.0,53.90625,0.0,37.5,0.0,3340.32852900906,0.0,356.40551977989185,0.0,1296.5413985647465,0.0,91.9836956521739,0.0,89.1304347826087,0.0,36.30791879357674,0.0,26.224592913727953,0.0,91.9836956521739,0.0
hot_day_cooling_stress,greedy_tracking,1,409.6087374200963,0.0,5350.854155930838,0.0,48.16083383356697,0.0,19.335662119687914,0.0,2585.727428546258,0.0,0.32321592856828224,0.0,0.15595432140823565,0.0,543.1500514624985,0.0,10.643115942028986,0.0,0.0,0.0,28.90625,0.0,0.0,0.0,3566.608680770094,0.0,333.5112852757579,0.0,996.5413985647466,0.0,87.63586956521739,0.0,82.6086956521739,0.0,38.7674856605445,0.0,25.447688408546604,0.0,87.63586956521739,0.0
hot_day_cooling_stress,direct_safesac,5,398.96187178701564,5.554688238577474,5140.489768558604,67.69402190506266,158.45166648900147,26.559911084000454,131.80889052354914,23.317042129818738,2890.120630708753,259.8766706710439,0.3612650788385941,0.03248458383388047,0.15826551548102824,0.025807154126943652,668.6819986234042,28.939187052345844,40.89673913043479,19.152021931497668,18.858695652173914,5.245335880290797,98.28125,1.6937096397405311,88.75,8.14900300650331,82.77203031539247,135.98840450506646,141.14466599768,175.62706537542417,932.5270919742625,143.14034106883537,99.70108695652175,0.29455819821574325,98.04347826086958,1.417217914174489,0.8996959816890489,1.4781348315768097,2.331548670643193,3.25076064597867,99.70108695652175,0.29455819821574325
hot_day_cooling_stress,residual_sac,5,390.6672011885057,5.256031760306794,5049.742476320525,64.93788489924019,87.60445522673707,5.119897565652337,76.72594086783809,5.257932743141261,2827.9851084694446,251.06158161216302,0.3534981385586805,0.031382697701520315,0.19213211063505467,0.03538411483449026,576.6183870080458,18.7348454893877,0.28985507246376807,0.14905282820438426,5.91711956521739,1.2362658012076362,100.0,0.0,100.0,0.0,0.0,0.0,0.0,0.0,920.3416969276652,118.39980903816092,100.0,0.0,100.0,0.0,0.0,0.0,0.0,0.0,100.0,0.0
hot_day_cooling_stress,proposed_residual_safesac,5,393.3179927839426,2.9740791735983816,5095.538340896963,37.88673221411201,80.32350672579466,3.9222553605496073,69.19572759030056,4.5193395098561275,2741.964281718764,268.143840002696,0.3427455352148455,0.03351798000033701,0.1653178529910206,0.019987925583567788,572.4010309014642,14.777889240691035,0.43931159420289856,0.27842672813748753,5.337409420289855,0.6760658191052834,99.84375,0.34938562148434216,98.75,2.7950849718747373,0.5336879421506865,1.1933625174209104,2.134751768602746,4.7734500696836415,970.5466008277783,38.5065707218266,99.97282608695653,0.06076271677988532,99.78260869565217,0.4861017342390825,0.0058009558929422445,0.012971331711096852,0.023203823571768978,0.05188532684438741,99.97282608695653,0.06076271677988532
dr_coincident_high_load,no_battery,1,421.9814368311182,0.0,5452.9604731524905,0.0,162.24670631784994,0.0,132.4159993556947,0.0,0.0,0.0,0.0,0.0,0.0,0.0,741.4644230540798,0.0,0.0,0.0,0.0,0.0,0.0,0.0,0.0,0.0,13899.323134205843,0.0,574.6663059059015,0.0,1137.9952000002381,0.0,82.6086956521739,0.0,82.6086956521739,0.0,151.07959928484613,0.0,87.76870376551177,0.0,82.6086956521739,0.0
dr_coincident_high_load,rule_based,1,383.4211993521005,0.0,4994.32196660267,0.0,199.08328650681676,0.0,157.99505083323058,0.0,1045.6364419391412,0.0,0.13070455524239263,0.0,0.2654999465537759,0.0,740.5227706322311,0.0,30.072463768115945,0.0,0.0,0.0,20.3125,0.0,0.0,0.0,10548.968192543323,0.0,574.6663059059015,0.0,1137.9952000002381,0.0,86.1413043478261,0.0,82.6086956521739,0.0,114.66269774503613,0.0,76.22428676700882,0.0,86.1413043478261,0.0
dr_coincident_high_load,tou_self_consumption,1,385.05874284102697,0.0,5118.98656542424,0.0,205.4383519748526,0.0,158.83958195712293,0.0,1033.8298617606877,0.0,0.12922873272008595,0.0,0.2531378494708872,0.0,755.6024910116483,0.0,19.429347826086953,0.0,0.0,0.0,3.125,0.0,0.0,0.0,13018.004979710997,0.0,574.6663059059015,0.0,1137.9952000002381,0.0,83.15217391304348,0.0,82.6086956521739,0.0,141.50005412729345,0.0,82.98833843745692,0.0,83.15217391304348,0.0
dr_coincident_high_load,carbon_aware,1,402.4527262738745,0.0,5287.196085773387,0.0,211.51970773272976,0.0,171.16919641122394,0.0,1671.4421149754587,0.0,0.20893026437193232,0.0,0.2970966589391218,0.0,825.1126518554329,0.0,35.19021739130435,0.0,0.0,0.0,32.8125,0.0,0.0,0.0,6187.176471597204,0.0,574.6663059059015,0.0,1454.4100342436457,0.0,88.31521739130434,0.0,82.6086956521739,0.0,67.25191816953483,0.0,53.60703331571194,0.0,88.31521739130434,0.0
dr_coincident_high_load,greedy_tracking,1,413.03245806239016,0.0,5384.78643718098,0.0,54.69306521790826,0.0,22.249742186640468,0.0,2643.9902297700573,0.0,0.3304987787212572,0.0,0.1716845711114521,0.0,562.8893294726005,0.0,10.99411231884058,0.0,0.0,0.0,31.25,0.0,0.0,0.0,6657.795136941594,0.0,547.6318339677791,0.0,1137.9952000002381,0.0,88.04347826086956,0.0,82.6086956521739,0.0,72.36733844501734,0.0,41.74683374503431,0.0,88.04347826086956,0.0
dr_coincident_high_load,direct_safesac,5,403.3772345704948,5.501568593569076,5190.175148298635,65.2112116769563,162.2846126146568,26.37298417740897,134.28531043102947,22.881525431509118,2944.651345806226,232.2180222117745,0.3680814182257782,0.029027252776471817,0.16347141739479087,0.024280264376240507,699.9397204249087,35.06878198017959,41.76856884057971,18.480879697513572,19.55163043478261,4.7460602474225375,88.4375,9.381508157673798,51.25,32.29502670690953,1213.2541423159084,1065.9940959470107,450.78416045037454,236.23345604052872,1137.9952000002381,0.0,97.9891304347826,1.6315666361171814,91.52173913043478,5.616526383810357,13.18754502517292,11.586892347250117,29.174576437160045,24.16620704954696,97.9891304347826,1.6315666361171814
dr_coincident_high_load,residual_sac,5,393.28582586815827,4.535269502285453,5080.512973811751,57.08533663058962,91.68947533071848,6.245242409179592,79.41645152436922,5.794138101707424,2901.307756397377,251.7543895953957,0.36266346954967216,0.03146929869942448,0.20566000022518613,0.031188972261793558,601.1416283258243,18.417678084020572,1.3541666666666665,0.4797438930631316,6.408514492753623,1.1466754957073204,97.34375,2.6262087990580643,85.0,15.051993223490369,254.3703933952344,256.8963957617762,328.901147415396,299.50986867139864,1137.9952000002381,0.0,99.53804347826087,0.4567319650535743,97.3913043478261,2.617737951911372,2.7648955803829827,2.792352127845393,6.999965404640697,7.440874132136657,99.53804347826087,0.4567319650535743
dr_coincident_high_load,proposed_residual_safesac,5,395.97096680290633,3.4391357178111317,5127.334261673457,41.90635705826191,84.93713732539695,3.8153458326306504,72.0538912706468,4.485385876314931,2821.6471322704333,274.54469572095394,0.3527058915338041,0.03431808696511922,0.17882594978416083,0.02164162506949208,598.6939650592689,15.460850249312337,1.576086956521739,0.443343499375319,5.774456521739131,0.6740433000967941,96.40625,4.192627457812105,82.5,18.434851504690783,344.23406589436723,444.58811466627105,406.3929516950899,196.47924862018587,1137.9952000002381,0.0,99.375,0.72915260135863,96.95652173913044,3.206061131250573,3.7416746292866003,4.832479507242077,9.095642751076669,11.209917416033152,99.375,0.72915260135863
