scope,controller,interval_count,day_count,first_timestamp,last_timestamp,max_abs_battery_power_kW,min_SOC,max_SOC,max_energy_balance_error_kW,physical_projection_count,service_coaching_count,max_battery_ramp_kW_per_interval,ramp_override_count,unjustified_ramp_violation_count,no_battery_exact_zero,no_battery_constant_SOC,no_battery_no_intervention,passed
main_test,no_battery,8832,92,2019-10-01T00:00:00+00:00,2019-12-31T23:45:00+00:00,0,0.55,0.55,1.13686837721616e-13,0,0,0,0,0,True,True,True,True
main_test,rule_based,8832,92,2019-10-01T00:00:00+00:00,2019-12-31T23:45:00+00:00,674.999982118607,0.2,0.9,1.13686837721616e-13,2656,0,604.99994635582,63,0,,,,True
main_test,tou_self_consumption,8832,92,2019-10-01T00:00:00+00:00,2019-12-31T23:45:00+00:00,487.499982118607,0.2,0.9,1.13686837721616e-13,1716,0,355.968777146191,56,0,,,,True
main_test,carbon_aware,8832,92,2019-10-01T00:00:00+00:00,2019-12-31T23:45:00+00:00,487.499982118607,0.2,0.9,1.13686837721616e-13,3108,0,448.843945600101,41,0,,,,True
main_test,greedy_tracking,8832,92,2019-10-01T00:00:00+00:00,2019-12-31T23:45:00+00:00,484.551429748535,0.2,0.9,1.13686837721616e-13,946,0,455.873937794459,9,0,,,,True
scenario:baseline_real,no_battery,8832,92,2019-10-01T00:00:00+00:00,2019-12-31T23:45:00+00:00,0,0.55,0.55,0,0,0,0,0,0,True,True,True,True
scenario:baseline_real,rule_based,8832,92,2019-10-01T00:00:00+00:00,2019-12-31T23:45:00+00:00,674.999982118607,0.2,0.9,0,2656,0,604.99994635582,63,0,,,,True
scenario:baseline_real,tou_self_consumption,8832,92,2019-10-01T00:00:00+00:00,2019-12-31T23:45:00+00:00,487.499982118607,0.2,0.9,0,1716,0,355.968777146191,56,0,,,,True
scenario:baseline_real,carbon_aware,8832,92,2019-10-01T00:00:00+00:00,2019-12-31T23:45:00+00:00,487.499982118607,0.2,0.9,0,3108,0,448.843945600101,41,0,,,,True
scenario:baseline_real,greedy_tracking,8832,92,2019-10-01T00:00:00+00:00,2019-12-31T23:45:00+00:00,484.551429748535,0.2,0.9,0,946,0,455.873937794459,9,0,,,,True
scenario:low_it_load,no_battery,8832,92,2019-10-01T00:00:00+00:00,2019-12-31T23:45:00+00:00,0,0.55,0.55,0,0,0,0,0,0,True,True,True,True
scenario:low_it_load,rule_based,8832,92,2019-10-01T00:00:00+00:00,2019-12-31T23:45:00+00:00,674.999982118607,0.2,0.9,0,2670,0,604.99994635582,63,0,,,,True
scenario:low_it_load,tou_self_consumption,8832,92,2019-10-01T00:00:00+00:00,2019-12-31T23:45:00+00:00,487.499982118607,0.2,0.9,0,1726,0,410.718737896532,56,0,,,,True
scenario:low_it_load,carbon_aware,8832,92,2019-10-01T00:00:00+00:00,2019-12-31T23:45:00+00:00,487.499982118607,0.2,0.9,0,3108,0,448.843945600101,41,0,,,,True
scenario:low_it_load,greedy_tracking,8832,92,2019-10-01T00:00:00+00:00,2019-12-31T23:45:00+00:00,446.911588311195,0.345658077129414,0.9,0,3334,0,442.94703114582,6,0,,,,True
scenario:high_it_load,no_battery,8832,92,2019-10-01T00:00:00+00:00,2019-12-31T23:45:00+00:00,0,0.55,0.55,0,0,0,0,0,0,True,True,True,True
scenario:high_it_load,rule_based,8832,92,2019-10-01T00:00:00+00:00,2019-12-31T23:45:00+00:00,674.999982118607,0.2,0.9,0,2645,0,604.99994635582,63,0,,,,True
scenario:high_it_load,tou_self_consumption,8832,92,2019-10-01T00:00:00+00:00,2019-12-31T23:45:00+00:00,487.499982118607,0.2,0.9,0,1704,0,354.749960750341,56,0,,,,True
scenario:high_it_load,carbon_aware,8832,92,2019-10-01T00:00:00+00:00,2019-12-31T23:45:00+00:00,487.499982118607,0.2,0.9,0,3108,0,448.843945600101,41,0,,,,True
scenario:high_it_load,greedy_tracking,8832,92,2019-10-01T00:00:00+00:00,2019-12-31T23:45:00+00:00,606.037348508835,0.2,0.817225566819022,0,2399,0,492.006499604534,20,0,,,,True
scenario:ai_training_bursty,no_battery,8832,92,2019-10-01T00:00:00+00:00,2019-12-31T23:45:00+00:00,0,0.55,0.55,0,0,0,0,0,0,True,True,True,True
scenario:ai_training_bursty,rule_based,8832,92,2019-10-01T00:00:00+00:00,2019-12-31T23:45:00+00:00,674.999982118607,0.2,0.9,0,2652,0,604.99994635582,63,0,,,,True
scenario:ai_training_bursty,tou_self_consumption,8832,92,2019-10-01T00:00:00+00:00,2019-12-31T23:45:00+00:00,487.499982118607,0.2,0.9,0,1712,0,355.968777146191,56,0,,,,True
scenario:ai_training_bursty,carbon_aware,8832,92,2019-10-01T00:00:00+00:00,2019-12-31T23:45:00+00:00,487.499982118607,0.2,0.9,0,3108,0,448.843945600101,41,0,,,,True
scenario:ai_training_bursty,greedy_tracking,8832,92,2019-10-01T00:00:00+00:00,2019-12-31T23:45:00+00:00,750,0.2,0.9,0,1366,0,654.295773087433,11,0,,,,True
scenario:smooth_cloud_service,no_battery,8832,92,2019-10-01T00:00:00+00:00,2019-12-31T23:45:00+00:00,0,0.55,0.55,0,0,0,0,0,0,True,True,True,True
scenario:smooth_cloud_service,rule_based,8832,92,2019-10-01T00:00:00+00:00,2019-12-31T23:45:00+00:00,674.999982118607,0.2,0.9,0,2655,0,604.99994635582,63,0,,,,True
scenario:smooth_cloud_service,tou_self_consumption,8832,92,2019-10-01T00:00:00+00:00,2019-12-31T23:45:00+00:00,487.499982118607,0.2,0.9,0,1718,0,382.124941125511,56,0,,,,True
scenario:smooth_cloud_service,carbon_aware,8832,92,2019-10-01T00:00:00+00:00,2019-12-31T23:45:00+00:00,487.499982118607,0.2,0.9,0,3108,0,448.843945600101,41,0,,,,True
scenario:smooth_cloud_service,greedy_tracking,8832,92,2019-10-01T00:00:00+00:00,2019-12-31T23:45:00+00:00,413.765430450439,0.2,0.9,0,949,0,359.015258690194,5,0,,,,True
scenario:workload_shiftable,no_battery,8832,92,2019-10-01T00:00:00+00:00,2019-12-31T23:45:00+00:00,0,0.55,0.55,0,0,0,0,0,0,True,True,True,True
scenario:workload_shiftable,rule_based,8832,92,2019-10-01T00:00:00+00:00,2019-12-31T23:45:00+00:00,674.999982118607,0.2,0.9,0,2653,0,604.99994635582,63,0,,,,True
scenario:workload_shiftable,tou_self_consumption,8832,92,2019-10-01T00:00:00+00:00,2019-12-31T23:45:00+00:00,487.499982118607,0.2,0.9,0,1719,0,382.124941125511,56,0,,,,True
scenario:workload_shiftable,carbon_aware,8832,92,2019-10-01T00:00:00+00:00,2019-12-31T23:45:00+00:00,487.499982118607,0.2,0.9,0,3108,0,448.843945600101,41,0,,,,True
scenario:workload_shiftable,greedy_tracking,8832,92,2019-10-01T00:00:00+00:00,2019-12-31T23:45:00+00:00,431.801810860634,0.2,0.9,0,985,0,347.50828850716,1,0,,,,True
scenario:hot_day_cooling_stress,no_battery,8832,92,2019-10-01T00:00:00+00:00,2019-12-31T23:45:00+00:00,0,0.55,0.55,0,0,0,0,0,0,True,True,True,True
scenario:hot_day_cooling_stress,rule_based,8832,92,2019-10-01T00:00:00+00:00,2019-12-31T23:45:00+00:00,674.999982118607,0.2,0.9,0,2656,0,604.99994635582,63,0,,,,True
scenario:hot_day_cooling_stress,tou_self_consumption,8832,92,2019-10-01T00:00:00+00:00,2019-12-31T23:45:00+00:00,487.499982118607,0.2,0.9,0,1716,0,355.968777146191,56,0,,,,True
scenario:hot_day_cooling_stress,carbon_aware,8832,92,2019-10-01T00:00:00+00:00,2019-12-31T23:45:00+00:00,487.499982118607,0.2,0.9,0,3108,0,448.843945600101,41,0,,,,True
scenario:hot_day_cooling_stress,greedy_tracking,8832,92,2019-10-01T00:00:00+00:00,2019-12-31T23:45:00+00:00,484.551429748535,0.2,0.9,0,940,0,422.545009089737,9,0,,,,True
scenario:dr_coincident_high_load,no_battery,8832,92,2019-10-01T00:00:00+00:00,2019-12-31T23:45:00+00:00,0,0.55,0.55,0,0,0,0,0,0,True,True,True,True
scenario:dr_coincident_high_load,rule_based,8832,92,2019-10-01T00:00:00+00:00,2019-12-31T23:45:00+00:00,674.999982118607,0.2,0.9,0,2656,0,604.99994635582,63,0,,,,True
scenario:dr_coincident_high_load,tou_self_consumption,8832,92,2019-10-01T00:00:00+00:00,2019-12-31T23:45:00+00:00,487.499982118607,0.2,0.9,0,1716,0,355.968777146191,56,0,,,,True
scenario:dr_coincident_high_load,carbon_aware,8832,92,2019-10-01T00:00:00+00:00,2019-12-31T23:45:00+00:00,487.499982118607,0.2,0.9,0,3108,0,448.843945600101,41,0,,,,True
scenario:dr_coincident_high_load,greedy_tracking,8832,92,2019-10-01T00:00:00+00:00,2019-12-31T23:45:00+00:00,574.666321277618,0.2,0.9,0,971,0,463.765910968359,13,0,,,,True
