Controller,Metric,PipelineValue,IndependentValue,AbsoluteError,Tolerance,Verified
no_battery,daily_cost_EUR,415.372708059047,415.372708059047,0,4.15372708059047e-06,True
no_battery,carbon_emissions_kgCO2,5385.57647289825,5385.57647289825,0,5.38557647289825e-05,True
no_battery,imported_energy_kWh,11104.291544211,11104.291544211,0,0.00011104291544211,True
no_battery,exported_energy_kWh,5.96365440816818,5.96365440816818,0,5.96365440816818e-08,True
no_battery,VPP_tracking_RMSE_kW,152.54677645205,152.54677645205,0,1.5254677645205e-06,True
no_battery,VPP_tracking_MAE_kW,127.02448843508,127.02448843508,0,1.2702448843508e-06,True
no_battery,battery_throughput_kWh,0,0,0,1e-08,True
no_battery,equivalent_full_cycles,0,0,0,1e-08,True
no_battery,terminal_SOC_error,0,0,0,1e-08,True
no_battery,mean_daily_peak_import_kW,711.607619170289,711.607619170289,0,7.11607619170289e-06,True
no_battery,physical_projection_fraction_pct,0,0,0,1e-08,True
no_battery,service_coaching_fraction_pct,0,0,0,1e-08,True
no_battery,DR_interval_compliance_pct,0,0,0,1e-08,True
no_battery,DR_event_compliance_pct,0,0,0,1e-08,True
no_battery,DR_violation_energy_kWh,8096.04125729939,8096.04125729939,0,8.09604125729939e-05,True
no_battery,DR_max_violation_kW,356.405519779892,356.405519779892,0,3.56405519779892e-06,True
no_battery,horizon_max_grid_import_kW,1013.62424421038,1013.62424421038,0,1.01362424421038e-05,True
rule_based,daily_cost_EUR,376.812483181191,376.812483181191,0,3.76812483181191e-06,True
rule_based,carbon_emissions_kgCO2,4926.93820625073,4926.93820625073,0,4.92693820625073e-05,True
rule_based,imported_energy_kWh,10297.959016281,10297.959016281,0,0.00010297959016281,True
rule_based,exported_energy_kWh,83.1251216540172,83.1251216540172,0,8.31251216540172e-07,True
rule_based,VPP_tracking_RMSE_kW,192.669664518754,192.669664518754,2.8421709430404e-14,1.92669664518754e-06,True
rule_based,VPP_tracking_MAE_kW,153.906545318101,153.906545318101,0,1.53906545318101e-06,True
rule_based,battery_throughput_kWh,1045.63644193914,1045.63644193914,0,1.04563644193914e-05,True
rule_based,equivalent_full_cycles,0.130704555242393,0.130704555242393,0,1e-08,True
rule_based,terminal_SOC_error,0.265499946553776,0.265499946553776,0,1e-08,True
rule_based,mean_daily_peak_import_kW,710.600593728179,710.600593728179,0,7.10600593728179e-06,True
rule_based,physical_projection_fraction_pct,30.0724637681159,30.0724637681159,0,3.00724637681159e-07,True
rule_based,service_coaching_fraction_pct,0,0,0,1e-08,True
rule_based,DR_interval_compliance_pct,21.875,21.875,0,2.1875e-07,True
rule_based,DR_event_compliance_pct,6.25,6.25,0,6.25e-08,True
rule_based,DR_violation_energy_kWh,6034.80269631692,6034.80269631692,0,6.03480269631692e-05,True
rule_based,DR_max_violation_kW,356.405519779892,356.405519779892,0,3.56405519779892e-06,True
rule_based,horizon_max_grid_import_kW,1013.62424421038,1013.62424421038,0,1.01362424421038e-05,True
tou_self_consumption,daily_cost_EUR,378.450014068956,378.450014068956,1.13686837721616e-13,3.78450014068956e-06,True
tou_self_consumption,carbon_emissions_kgCO2,5051.60256517,5051.60256517,0,5.05160256517e-05,True
tou_self_consumption,imported_energy_kWh,10555.2054923456,10555.2054923456,0,0.000105552054923456,True
tou_self_consumption,exported_energy_kWh,175.797565261732,175.797565261732,0,1.75797565261732e-06,True
tou_self_consumption,VPP_tracking_RMSE_kW,197.631306957708,197.631306957708,0,1.97631306957708e-06,True
tou_self_consumption,VPP_tracking_MAE_kW,153.749698368111,153.749698368111,0,1.53749698368111e-06,True
tou_self_consumption,battery_throughput_kWh,1033.82986176069,1033.82986176069,0,1.03382986176069e-05,True
tou_self_consumption,equivalent_full_cycles,0.129228732720086,0.129228732720086,0,1e-08,True
tou_self_consumption,terminal_SOC_error,0.253137849470887,0.253137849470887,0,1e-08,True
tou_self_consumption,mean_daily_peak_import_kW,725.680314107596,725.680314107596,0,7.25680314107596e-06,True
tou_self_consumption,physical_projection_fraction_pct,19.429347826087,19.429347826087,0,1.9429347826087e-07,True
tou_self_consumption,service_coaching_fraction_pct,0,0,0,1e-08,True
tou_self_consumption,DR_interval_compliance_pct,6.25,6.25,0,6.25e-08,True
tou_self_consumption,DR_event_compliance_pct,6.25,6.25,0,6.25e-08,True
tou_self_consumption,DR_violation_energy_kWh,7547.71967689419,7547.71967689419,0,7.54771967689419e-05,True
tou_self_consumption,DR_max_violation_kW,356.405519779892,356.405519779892,0,3.56405519779892e-06,True
tou_self_consumption,horizon_max_grid_import_kW,1013.62424421038,1013.62424421038,0,1.01362424421038e-05,True
carbon_aware,daily_cost_EUR,395.843997501803,395.843997501803,1.13686837721616e-13,3.95843997501803e-06,True
carbon_aware,carbon_emissions_kgCO2,5219.81208551915,5219.81208551915,0,5.21981208551915e-05,True
carbon_aware,imported_energy_kWh,11121.4931138763,11121.4931138763,0,0.000111214931138763,True
carbon_aware,exported_energy_kWh,70.3572687929438,70.3572687929438,0,7.03572687929438e-07,True
carbon_aware,VPP_tracking_RMSE_kW,206.778152470903,206.778152470903,0,2.06778152470903e-06,True
carbon_aware,VPP_tracking_MAE_kW,168.982188990051,168.982188990051,0,1.68982188990051e-06,True
carbon_aware,battery_throughput_kWh,1671.44211497546,1671.44211497546,0,1.67144211497546e-05,True
carbon_aware,equivalent_full_cycles,0.208930264371932,0.208930264371932,0,1e-08,True
carbon_aware,terminal_SOC_error,0.297096658939122,0.297096658939122,0,1e-08,True
carbon_aware,mean_daily_peak_import_kW,801.294595430346,801.294595430346,0,8.01294595430346e-06,True
carbon_aware,physical_projection_fraction_pct,35.1902173913044,35.1902173913044,0,3.51902173913044e-07,True
carbon_aware,service_coaching_fraction_pct,0,0,0,1e-08,True
carbon_aware,DR_interval_compliance_pct,53.90625,53.90625,0,5.390625e-07,True
carbon_aware,DR_event_compliance_pct,37.5,37.5,0,3.75e-07,True
carbon_aware,DR_violation_energy_kWh,3334.01460736166,3334.01460736166,0,3.33401460736166e-05,True
carbon_aware,DR_max_violation_kW,356.405519779892,356.405519779892,0,3.56405519779892e-06,True
carbon_aware,horizon_max_grid_import_kW,1296.54139856475,1296.54139856475,0,1.29654139856475e-05,True
greedy_tracking,daily_cost_EUR,409.406597595993,409.406597595993,0,4.09406597595993e-06,True
greedy_tracking,carbon_emissions_kgCO2,5348.38074980611,5348.38074980611,0,5.34838074980611e-05,True
greedy_tracking,imported_energy_kWh,11122.6764565547,11122.6764565547,0,0.000111226764565547,True
greedy_tracking,exported_energy_kWh,1.01796192497819,1.01796192497819,0,1.01796192497819e-08,True
greedy_tracking,VPP_tracking_RMSE_kW,48.5563190700056,48.5563190700056,0,4.85563190700056e-07,True
greedy_tracking,VPP_tracking_MAE_kW,19.450162333723,19.450162333723,3.5527136788005e-15,1.94501623337231e-07,True
greedy_tracking,battery_throughput_kWh,2581.78388200945,2581.78388200945,0,2.58178388200945e-05,True
greedy_tracking,equivalent_full_cycles,0.322722985251181,0.322722985251181,0,1e-08,True
greedy_tracking,terminal_SOC_error,0.155314479595503,0.155314479595503,0,1e-08,True
greedy_tracking,mean_daily_peak_import_kW,543.041765595418,543.041765595418,0,5.43041765595418e-06,True
greedy_tracking,physical_projection_fraction_pct,10.7110507246377,10.7110507246377,0,1.07110507246377e-07,True
greedy_tracking,service_coaching_fraction_pct,0,0,0,1e-08,True
greedy_tracking,DR_interval_compliance_pct,32.03125,32.03125,0,3.203125e-07,True
greedy_tracking,DR_event_compliance_pct,0,0,0,1e-08,True
greedy_tracking,DR_violation_energy_kWh,3530.24141905282,3530.24141905282,0,3.53024141905282e-05,True
greedy_tracking,DR_max_violation_kW,333.511285275758,333.511285275758,0,3.33511285275758e-06,True
greedy_tracking,horizon_max_grid_import_kW,996.541398564747,996.541398564747,0,9.96541398564747e-06,True
