scenario,controller,seeds,deterministic,daily_cost_EUR_mean,daily_cost_EUR_std_across_seeds,carbon_emissions_kgCO2_mean,carbon_emissions_kgCO2_std_across_seeds,VPP_tracking_RMSE_kW_mean,VPP_tracking_RMSE_kW_std_across_seeds,VPP_tracking_MAE_kW_mean,VPP_tracking_MAE_kW_std_across_seeds,DR_interval_compliance_pct_mean,DR_interval_compliance_pct_std_across_seeds,DR_event_compliance_pct_mean,DR_event_compliance_pct_std_across_seeds,DR_violation_energy_kWh_mean,DR_violation_energy_kWh_std_across_seeds,DR_max_violation_kW_mean,DR_max_violation_kW_std_across_seeds,battery_throughput_kWh_mean,battery_throughput_kWh_std_across_seeds,equivalent_full_cycles_mean,equivalent_full_cycles_std_across_seeds,terminal_SOC_error_mean,terminal_SOC_error_std_across_seeds,mean_daily_peak_import_kW_mean,mean_daily_peak_import_kW_std_across_seeds,horizon_max_grid_import_kW_mean,horizon_max_grid_import_kW_std_across_seeds,physical_projection_fraction_pct_mean,physical_projection_fraction_pct_std_across_seeds,service_coaching_fraction_pct_mean,service_coaching_fraction_pct_std_across_seeds
baseline_real,no_battery,1,True,415.372708059047,0,5385.57647289825,0,152.54677645205,0,127.02448843508,0,0,0,0,0,8096.04125729939,0,356.405519779892,0,0,0,0,0,0,0,711.607619170289,0,1013.62424421038,0,0,0,0,0
baseline_real,rule_based,1,True,376.812483181191,0,4926.93820625073,0,192.669664518754,0,153.906545318101,0,21.875,0,6.25,0,6034.80269631692,0,356.405519779892,0,1045.63644193914,0,0.130704555242393,0,0.265499946553776,0,710.600593728179,0,1013.62424421038,0,30.0724637681159,0,0,0
baseline_real,tou_self_consumption,1,True,378.450014068956,0,5051.60256517,0,197.631306957708,0,153.749698368111,0,6.25,0,6.25,0,7547.71967689419,0,356.405519779892,0,1033.82986176069,0,0.129228732720086,0,0.253137849470887,0,725.680314107596,0,1013.62424421038,0,19.429347826087,0,0,0
baseline_real,carbon_aware,1,True,395.843997501803,0,5219.81208551915,0,206.778152470903,0,168.982188990051,0,53.90625,0,37.5,0,3334.01460736166,0,356.405519779892,0,1671.44211497546,0,0.208930264371932,0,0.297096658939122,0,801.294595430346,0,1296.54139856475,0,35.1902173913044,0,0,0
baseline_real,greedy_tracking,1,True,409.406597595993,0,5348.38074980611,0,48.5563190700056,0,19.450162333723,0,32.03125,0,0,0,3530.24141905282,0,333.511285275758,0,2581.78388200945,0,0.322722985251181,0,0.155314479595503,0,543.041765595418,0,996.541398564747,0,10.7110507246377,0,0,0
baseline_real,direct_safesac,5,False,398.539306925117,5.59725109234217,5134.73697148979,68.0853842601105,158.566533261331,26.5934053729234,131.894323354767,23.3258725549177,99.7010869565217,0.294558198215737,98.0434782608696,1.41721791417449,0.894659131754478,1.48698884606801,2.31140775582548,3.28775869460242,2892.73588601899,261.638275032063,0.361591985752374,0.032704784379008,0.157887712870863,0.025859555456525,668.367002062855,28.8004558542663,668.367002062855,28.8004558542663,40.7789855072464,19.1326515679161,18.7567934782609,5.19928966332048
baseline_real,residual_sac,5,False,390.288437727741,5.23828372588223,5044.9183432303,64.6563371897873,87.6655488993462,5.10760261485854,76.7927502641222,5.24335020942719,100,0,100,0,0,0,0,0,2827.75893232645,251.030373567131,0.353469866540807,0.0313787966958913,0.191176307946652,0.0352449392716209,576.062546865266,18.7669748106314,576.062546865266,18.7669748106314,0.285326086956522,0.151145349601134,5.86050724637681,1.20573873049028
baseline_real,proposed_residual_safesac,5,False,393.003638970863,3.01151484055907,5091.61374751235,38.3639105525635,80.3698030400603,3.93443074674131,69.2427925692905,4.53700072376094,99.9728260869565,0.0607627167798917,99.7826086956522,0.486101734239082,0.00354193362999208,0.00792000436845488,0.0141677345199684,0.0316800174738196,2741.28358587263,267.522247535394,0.342660448234078,0.0334402809419243,0.163952268446961,0.0200506476895198,572.176843747832,14.8834268524544,572.176843747832,14.8834268524544,0.446105072463768,0.277296361012948,5.30344202898551,0.674832138644384
low_it_load,no_battery,1,True,302.497807842093,0,3936.79451366558,0,176.107989978775,0,145.89269053227,0,3.125,0,0,0,2306.46413543158,0,141.466072797059,0,0,0,0,0,0,0,533.277495377293,0,760.218183157782,0,0,0,0,0
low_it_load,rule_based,1,True,267.737543532363,0,3563.97841892272,0,231.238879847799,0,179.95036185682,0,25.78125,0,18.75,0,1691.36401342106,0,138.144733653882,0,1061.1255719852,0,0.13264069649815,0,0.2678717195939,0,535.272762364242,0,760.218183157782,0,30.2309782608696,0,0,0
low_it_load,tou_self_consumption,1,True,269.910518302449,0,3694.20249101967,0,232.104872417679,0,176.208103840854,0,9.375,0,6.25,0,2148.17475423672,0,141.466072797059,0,1104.85805401192,0,0.13810725675149,0,0.259664102688315,0,557.383979832595,0,818.694025869603,0,19.5425724637681,0,0,0
low_it_load,carbon_aware,1,True,285.142769441485,0,3835.63664352717,0,227.731113605864,0,181.807660817889,0,58.59375,0,50,0,935.638138297461,0,138.144733653882,0,1671.44211497546,0,0.208930264371932,0,0.297096658939122,0,647.859723982395,0,1055.36872047697,0,35.1902173913044,0,0,0
low_it_load,greedy_tracking,1,True,341.30598618519,0,4522.02279936421,0,125.756472281049,0,69.9638724240983,0,84.375,0,50,0,9.52065181536454e-06,0,3.550934593477e-06,0,1822.29167398269,0,0.227786459247836,0,0.298309247645823,0,497.581257177196,0,644.479557840815,0,37.7490942028985,0,0,0
low_it_load,direct_safesac,5,False,297.024667385601,11.1742858567125,3825.20771285577,126.885916628085,206.188807243464,16.803658570587,172.138338251312,10.3280462322071,100,0,100,0,0,0,0,0,3012.29778699802,351.475651038272,0.376537223374752,0.043934456379784,0.106684262220783,0.038413330039512,599.560895176455,44.7543521862861,599.560895176455,44.7543521862861,40.9624094202899,23.4840773815308,4.77128623188406,2.73063462218993
low_it_load,residual_sac,5,False,321.024461805679,8.14850187278243,4193.40664197939,97.3955438573666,121.886566556021,3.92102654379767,112.509356491738,4.9418893258838,100,0,100,0,0,0,0,0,2483.37621882754,201.47725011135,0.310422027353442,0.0251846562639192,0.13591373593713,0.0408687567835358,543.120375944932,48.5269704418833,543.120375944932,48.5269704418833,6.30661231884058,2.83920797439447,1.55344202898551,0.583870375705918
low_it_load,proposed_residual_safesac,5,False,329.644333117643,9.10332856146025,4316.07467723302,115.000897978689,118.313318396326,2.1202369830044,102.544428288017,5.88154098479582,100,0,100,0,0,0,0,0,2364.78428709713,158.070567911511,0.295598035887141,0.0197588209889385,0.191255036456048,0.058574022865806,552.10899114362,28.4884867424912,552.10899114362,28.4884867424912,10.3623188405797,3.86054009519635,1.45380434782608,0.74404181714139
high_it_load,no_battery,1,True,528.407135031028,0,6838.56406085997,0,214.100273562197,0,170.849857973585,0,0,0,0,0,13899.3231342058,0,574.666305905901,0,0,0,0,0,0,0,890.113862120357,0,1267.03030526297,0,0,0,0,0
high_it_load,rule_based,1,True,487.982636361789,0,6344.89163708046,0,229.570639626218,0,185.740664071547,0,20.3125,0,0,0,10548.9681925433,0,574.666305905901,0,1018.18542637144,0,0.12727317829643,0,0.265696488043908,0,887.926418724272,0,1267.03030526297,0,29.9479166666667,0,0,0
high_it_load,tou_self_consumption,1,True,488.314146657711,0,6439.06796624076,0,236.791140355028,0,190.472924811701,0,3.125,0,0,0,13018.004979711,0,574.666305905901,0,1004.75325212452,0,0.125594156515565,0,0.247199075734104,0,893.275732311295,0,1267.03030526297,0,19.2934782608696,0,0,0
high_it_load,carbon_aware,1,True,507.942086887436,0,6646.20830668801,0,254.969813177918,0,204.840617756816,0,32.8125,0,0,0,6187.1764715972,0,574.666305905901,0,1671.44211497546,0,0.208930264371932,0,0.297096658939122,0,965.037547249604,0,1545.67674820593,0,35.1902173913044,0,0,0
high_it_load,greedy_tracking,1,True,481.048846522476,0,6211.89092297988,0,138.858897995443,0,76.7394473824643,0,10.15625,0,0,0,11892.601776541,0,574.666305905901,0,2258.64990122902,0,0.282331237653627,0,0.336994043463045,0,841.429133208621,0,1267.03030526297,0,27.1625905797101,0,0,0
high_it_load,direct_safesac,5,False,495.497172392473,1.05922435759038,6408.59925248854,33.633239311335,183.497757367025,20.5318130136252,153.243119417861,19.556241782597,94.320652173913,2.66837587247119,86.7391304347826,4.76280484787101,46.119073449153,22.9236976668729,62.034605826603,22.8284795129497,2856.93400346157,135.82947236151,0.357116750432696,0.0169786840451888,0.242792304727534,0.0229250539113916,821.498426011686,26.718821842226,821.498426011686,26.718821842226,45.853713768116,14.9277257685868,37.6471920289855,3.76041335297293
high_it_load,residual_sac,5,False,486.621154227851,2.1252659964315,6252.95156098007,21.4661691650979,146.234039578259,14.8349762785731,116.595724807087,10.671774945248,89.1847826086957,2.95121706815423,84.7826086956522,2.17391304347826,89.6666113873707,27.696317522364,70.3415650279943,12.7458642367066,2782.94478998456,218.675147009464,0.34786809874807,0.0273343933761831,0.323360707023033,0.0136108194028163,815.969029757252,31.8241773078451,815.969029757252,31.8241773078451,13.3763586956522,3.99950386789228,9.12817028985507,1.82483906533516
high_it_load,proposed_residual_safesac,5,False,485.851283020107,0.864145059892625,6242.51163486991,15.2159355843887,149.094750677222,4.29820541059023,115.568163556386,3.7216259292205,88.0163043478261,1.94630484559456,83.2608695652174,0.595350605983881,99.7382947196258,15.6301949829954,82.2117092844947,3.28249012082483,2618.27510343925,146.051369041493,0.327284387929907,0.0182564211301866,0.326345463584039,0.0090809576707162,838.18324801607,10.081079574304,838.18324801607,10.081079574304,14.7961956521739,1.88685385150568,7.06974637681159,0.572070213050763
ai_training_bursty,no_battery,1,True,450.853539257042,0,5802.59882209703,0,177.413227138433,0,139.569796997203,0,0,0,0,0,8096.04125729939,0,356.405519779892,0,0,0,0,0,0,0,844.664562741502,0,1394.06060573246,0,0,0,0,0
ai_training_bursty,rule_based,1,True,411.755872564082,0,5335.30805683733,0,213.795399602601,0,166.034941825227,0,21.875,0,6.25,0,6034.80269631692,0,356.405519779892,0,1025.52238269882,0,0.128190297837352,0,0.265950438867454,0,838.80662182921,0,1394.06060573246,0,30.0271739130435,0,0,0
ai_training_bursty,tou_self_consumption,1,True,413.271465143964,0,5457.59768348003,0,218.824019886366,0,165.833056589633,0,6.25,0,6.25,0,7547.71967689419,0,356.405519779892,0,1020.05340299921,0,0.127506675374901,0,0.249865940515036,0,853.529612363548,0,1394.06060573246,0,19.3840579710145,0,0,0
ai_training_bursty,carbon_aware,1,True,431.324828699799,0,5636.83443471793,0,223.614624068123,0,179.419322576519,0,53.90625,0,37.5,0,3334.01460736166,0,356.405519779892,0,1671.44211497546,0,0.208930264371932,0,0.297096658939122,0,893.565498568754,0,1394.06060573246,0,35.1902173913044,0,0,0
ai_training_bursty,greedy_tracking,1,True,431.718811012029,0,5608.78248350527,0,74.4147456740582,0,36.0586497211258,0,19.53125,0,0,0,5283.46549261177,0,356.405519779892,0,2490.07018396794,0,0.311258772995993,0,0.219289329863562,0,650.818343233907,0,1387.90268537418,0,15.4664855072464,0,0,0
ai_training_bursty,direct_safesac,5,False,429.822783300171,4.14257140337842,5506.31839053328,52.3625646758424,171.319452392467,22.1047181903114,143.775984635519,19.8973519365013,92.445652173913,2.79871516818479,89.5652173913043,3.31477188738628,38.3166846783555,13.6540432216086,30.9147839516839,8.75075810597485,2864.95900307969,217.403306506086,0.358119875384961,0.0271754133132608,0.176868873493572,0.0227853861082052,723.515466233364,26.1403293947621,723.515466233364,26.1403293947621,44.7871376811594,17.7456469305283,26.6485507246377,4.04185473140867
ai_training_bursty,residual_sac,5,False,419.113135100759,3.65672649974079,5383.64028410249,48.925842635805,112.181092250939,7.5195195119176,95.4620633985073,6.0362083092717,89.0217391304348,1.41656646945417,88.2608695652174,0.90941307231965,54.3438256173818,7.27349232803582,35.6624497250908,2.96762552500097,2572.65349072405,197.269900647634,0.321581686340507,0.0246587375809543,0.229566781716631,0.0273484533349311,679.536483450833,23.2615206848479,679.536483450833,23.2615206848479,6.33378623188406,1.22632266461626,6.65534420289855,1.23916076835118
ai_training_bursty,proposed_residual_safesac,5,False,420.435295963225,2.93881689602559,5414.7878493065,32.5377396676888,105.698096926722,4.12660119993483,88.8078720581419,4.30664991005695,89.0489130434783,1.43662390085721,87.6086956521739,0.595350605983873,54.2571415716061,7.01559488177918,37.4575126776965,2.26556641909572,2514.86555624819,239.217183013018,0.314358194531023,0.0299021478766272,0.212050103666203,0.0161011637442559,675.851772993856,6.96371257867224,675.851772993856,6.96371257867224,6.45606884057971,0.64470470599871,5.47101449275362,0.428267608389746
smooth_cloud_service,no_battery,1,True,414.628066948026,0,5381.84319806201,0,144.738026061487,0,120.916452909034,0,0,0,0,0,8772.75743538122,0,342.814366904024,0,0,0,0,0,0,0,679.69205489147,0,961.475911025145,0,0,0,0,0
smooth_cloud_service,rule_based,1,True,376.057122220844,0,4923.19770032849,0,187.22542326269,0,148.373824286273,0,21.09375,0,6.25,0,6547.63664220517,0,327.406974627267,0,1043.8022028573,0,0.130475275357162,0,0.265935578335714,0,678.31204078493,0,961.475911025145,0,30.0611413043478,0,0,0
smooth_cloud_service,tou_self_consumption,1,True,377.790277345284,0,5049.36366079529,0,191.713948242346,0,147.786952498765,0,6.25,0,6.25,0,8188.23250597654,0,342.814366904024,0,1034.06602000132,0,0.129258252500166,0,0.252871630035769,0,693.972288422177,0,961.475911025145,0,19.4519927536232,0,0,0
smooth_cloud_service,carbon_aware,1,True,395.199963840508,0,5219.2491383536,0,202.148163286577,0,163.981909687737,0,52.34375,0,25,0,3637.82516468294,0,322.459338260883,0,1671.44211497546,0,0.208930264371932,0,0.297096658939122,0,780.910590032517,0,1229.19175419676,0,35.1902173913044,0,0,0
smooth_cloud_service,greedy_tracking,1,True,409.828729560926,0,5354.70908839513,0,44.8999249171651,0,18.5606994131759,0,34.375,0,0,0,3722.87806730788,0,326.676303573868,0,2456.53813626966,0,0.307067267033707,0,0.15343753486963,0,537.028885831011,0,927.042159685702,0,10.745018115942,0,0,0
smooth_cloud_service,direct_safesac,5,False,398.397279174843,5.97611111184592,5135.4431357975,72.0469745994711,156.170880220827,27.9493296864972,129.751344322289,24.8597599600205,99.7010869565217,0.223256477243947,97.8260869565217,1.33124442542564,0.401442728613809,0.650401732813725,1.17358019742678,1.63771343958701,2879.24321437281,284.896945114177,0.359905401796602,0.0356121181392721,0.156723825623227,0.0276063401709678,653.673753282717,28.0132532708152,653.673753282717,28.0132532708152,41.0892210144928,19.8190535216119,18.0140398550725,5.41886657415015
smooth_cloud_service,residual_sac,5,False,389.545836039472,5.2204001986103,5037.3669999104,64.7571735565506,86.9970558483945,4.96344380777746,76.0865269920786,5.13849716202907,100,0,100,0,0,0,0,0,2725.8454357056,247.5445188592,0.3407306794632,0.0309430648574,0.19346295911948,0.0354312085466939,570.18710623311,19.5649159225808,570.18710623311,19.5649159225808,0.253623188405797,0.157825560341511,5.61367753623188,1.04879267428416
smooth_cloud_service,proposed_residual_safesac,5,False,392.366141019471,3.04049498803581,5084.94515496197,38.3878332348525,79.6564557919917,4.05177244163068,68.6029570027117,4.62654853254397,99.9728260869565,0.0607627167798917,99.7826086956522,0.486101734239082,0.0158346079283292,0.0354072597248012,0.0633384317133169,0.141629038899205,2625.31441989162,264.523338073059,0.328164302486452,0.0330654172591324,0.165654124117727,0.0203404491191743,566.121357825037,15.928199075137,566.121357825037,15.928199075137,0.382699275362319,0.231820360363582,5.07019927536232,0.726157543341335
workload_shiftable,no_battery,1,True,402.715893799518,0,5323.65455787936,0,136.143506907223,0,113.863176627472,0,0,0,0,0,3491.84003217151,0,183.861020912897,0,0,0,0,0,0,0,677.333922260507,0,968.667782113034,0,0,0,0,0
workload_shiftable,rule_based,1,True,364.349542469674,0,4870.65606103271,0,185.074705015555,0,144.393524437139,0,23.4375,0,18.75,0,2577.07617363487,0,183.861020912897,0,1036.46524652992,0,0.12955815581624,0,0.265935578335714,0,676.86474728226,0,968.667782113034,0,30.0384963768116,0,0,0
workload_shiftable,tou_self_consumption,1,True,366.569734013327,0,5005.04986593153,0,192.029061830547,0,144.88249602848,0,6.25,0,6.25,0,3253.6113784846,0,183.861020912897,0,1024.7732569892,0,0.12809665712365,0,0.25066459882039,0,695.638653792134,0,968.667782113034,0,19.4633152173913,0,0,0
workload_shiftable,carbon_aware,1,True,383.366475461298,0,5161.0993531082,0,214.965403407811,0,167.926350540103,0,57.8125,0,50,0,1413.08359904053,0,183.861020912897,0,1671.44211497546,0,0.208930264371932,0,0.297096658939122,0,844.975561385853,0,1287.52458882779,0,35.1902173913044,0,0,0
workload_shiftable,greedy_tracking,1,True,411.026404168419,0,5379.63435794488,0,32.492228190692,0,15.8671138318142,0,29.6875,0,0,0,1662.71989254317,0,164.307090113978,0,2351.90555765131,0,0.293988194706414,0,0.155158497015945,0,533.321176391366,0,968.667782113034,0,11.1526268115942,0,0,0
workload_shiftable,direct_safesac,5,False,391.849692371312,7.48315104803311,5119.92301945521,82.98845243325,151.74414739645,23.7598808507307,126.459614312105,21.303958437211,100,0,100,0,0,0,0,0,2814.32952307344,249.241149737126,0.35179119038418,0.0311551437171408,0.141512633233047,0.0312985866130041,651.468433991905,18.6533777998955,651.468433991905,18.6533777998955,37.0742753623188,20.0685385871537,15.5819746376812,4.41145768819521
workload_shiftable,residual_sac,5,False,388.697940778742,5.66733548530361,5053.47795812675,63.893623467885,85.4370558519559,4.06824505514568,75.2654793333497,4.31879352000861,100,0,100,0,0,0,0,0,2831.79598355922,241.672221573587,0.353974497944903,0.0302090276966984,0.179780372767172,0.0339443030696579,572.879866408196,16.2840245475554,572.879866408196,16.2840245475554,0.235507246376812,0.207142300799875,4.78940217391304,0.82417115173786
workload_shiftable,proposed_residual_safesac,5,False,393.135213269604,3.7286931872166,5109.56249636215,43.757843769192,77.3146760119268,4.10489940709098,66.6693719036906,4.15561037422392,100,0,100,0,0,0,0,0,2723.7430341689,251.877519544281,0.340467879271112,0.0314846899430351,0.152276366818603,0.016223702759825,562.118678825313,18.7702095196226,562.118678825313,18.7702095196226,0.233242753623188,0.127497176270464,4.4338768115942,1.090506685332
hot_day_cooling_stress,no_battery,1,True,415.858605337188,0,5392.14786220003,0,152.675216399548,0,127.074302644856,0,0,0,0,0,8113.33773075118,0,356.405519779892,0,0,0,0,0,0,0,712.77936936933,0,1013.62424421038,0,0,0,0,0
hot_day_cooling_stress,rule_based,1,True,377.295447985587,0,4933.42330304019,0,192.663970538428,0,153.914705929368,0,21.875,0,6.25,0,6049.03918063086,0,356.405519779892,0,1045.63644193914,0,0.130704555242393,0,0.265499946553776,0,711.761456629877,0,1013.62424421038,0,30.0724637681159,0,0,0
hot_day_cooling_stress,tou_self_consumption,1,True,378.894527461019,0,5057.50607935672,0,197.646378934121,0,153.755037347492,0,6.25,0,6.25,0,7565.01615034598,0,356.405519779892,0,1032.38356630994,0,0.129047945788742,0,0.252794354301334,0,726.802862170395,0,1013.62424421038,0,19.429347826087,0,0,0
hot_day_cooling_stress,carbon_aware,1,True,396.323298638186,0,5226.17174072364,0,206.883863637194,0,169.061879444443,0,53.90625,0,37.5,0,3340.32852900906,0,356.405519779892,0,1671.44211497546,0,0.208930264371932,0,0.297096658939122,0,802.132481873806,0,1296.54139856475,0,35.1902173913044,0,0,0
hot_day_cooling_stress,greedy_tracking,1,True,409.608737420096,0,5350.85415593084,0,48.160833833567,0,19.3356621196879,0,28.90625,0,0,0,3566.60868077009,0,333.511285275758,0,2585.72742854626,0,0.323215928568282,0,0.155954321408236,0,543.150051462498,0,996.541398564747,0,10.643115942029,0,0,0
hot_day_cooling_stress,direct_safesac,5,False,398.961871787016,5.55468823857749,5140.4897685586,67.6940219050629,158.451666489001,26.5599110840005,131.808890523549,23.3170421298187,99.7010869565217,0.294558198215737,98.0434782608696,1.41721791417449,0.899695981689049,1.47813483157681,2.33154867064319,3.25076064597867,2890.12063070875,259.876670671044,0.361265078838594,0.0324845838338805,0.158265515481028,0.0258071541269437,668.681998623404,28.9391870523458,668.681998623404,28.9391870523458,40.8967391304348,19.1520219314977,18.8586956521739,5.2453358802908
hot_day_cooling_stress,residual_sac,5,False,390.667201188506,5.2560317603068,5049.74247632053,64.9378848992398,87.6044552267371,5.11989756565233,76.7259408678381,5.25793274314124,100,0,100,0,0,0,0,0,2827.98510846944,251.061581612163,0.353498138558681,0.0313826977015204,0.192132110635055,0.0353841148344903,576.618387008046,18.7348454893877,576.618387008046,18.7348454893877,0.289855072463768,0.149052828204384,5.91711956521739,1.23626580120764
hot_day_cooling_stress,proposed_residual_safesac,5,False,393.317992783943,2.97407917359833,5095.53834089696,37.886732214112,80.3235067257947,3.9222553605496,69.1957275903006,4.51933950985612,99.9728260869565,0.0607627167798917,99.7826086956522,0.486101734239082,0.00580095589294224,0.0129713317110968,0.023203823571769,0.0518853268443874,2741.96428171876,268.143840002696,0.342745535214845,0.033517980000337,0.165317852991021,0.0199879255835678,572.401030901464,14.777889240691,572.401030901464,14.777889240691,0.439311594202899,0.278426728137488,5.33740942028985,0.676065819105283
dr_coincident_high_load,no_battery,1,True,421.981436831118,0,5452.96047315249,0,162.24670631785,0,132.415999355695,0,0,0,0,0,13899.3231342058,0,574.666305905901,0,0,0,0,0,0,0,741.46442305408,0,1137.99520000024,0,0,0,0,0
dr_coincident_high_load,rule_based,1,True,383.4211993521,0,4994.32196660267,0,199.083286506817,0,157.995050833231,0,20.3125,0,0,0,10548.9681925433,0,574.666305905901,0,1045.63644193914,0,0.130704555242393,0,0.265499946553776,0,740.522770632231,0,1137.99520000024,0,30.0724637681159,0,0,0
dr_coincident_high_load,tou_self_consumption,1,True,385.058742841027,0,5118.98656542424,0,205.438351974853,0,158.839581957123,0,3.125,0,0,0,13018.004979711,0,574.666305905901,0,1033.82986176069,0,0.129228732720086,0,0.253137849470887,0,755.602491011648,0,1137.99520000024,0,19.429347826087,0,0,0
dr_coincident_high_load,carbon_aware,1,True,402.452726273874,0,5287.19608577339,0,211.51970773273,0,171.169196411224,0,32.8125,0,0,0,6187.1764715972,0,574.666305905901,0,1671.44211497546,0,0.208930264371932,0,0.297096658939122,0,825.112651855433,0,1454.41003424365,0,35.1902173913044,0,0,0
dr_coincident_high_load,greedy_tracking,1,True,413.03245806239,0,5384.78643718098,0,54.6930652179083,0,22.2497421866405,0,31.25,0,0,0,6657.79513694159,0,547.631833967779,0,2643.99022977006,0,0.330498778721257,0,0.171684571111452,0,562.8893294726,0,1137.99520000024,0,10.9941123188406,0,0,0
dr_coincident_high_load,direct_safesac,5,False,403.377234570495,5.50156859356911,5190.17514829863,65.2112116769565,162.284612614657,26.372984177409,134.285310431029,22.8815254315091,97.9891304347826,1.63156663611718,91.5217391304348,5.61652638381036,13.1875450251729,11.5868923472501,29.17457643716,24.166207049547,2944.65134580623,232.218022211775,0.368081418225778,0.0290272527764718,0.163471417394791,0.0242802643762405,699.939720424909,35.0687819801796,699.939720424909,35.0687819801796,41.7685688405797,18.4808796975136,19.5516304347826,4.74606024742254
dr_coincident_high_load,residual_sac,5,False,393.285825868158,4.53526950228544,5080.51297381175,57.0853366305895,91.6894753307185,6.24524240917961,79.4164515243692,5.79413810170743,99.5380434782609,0.456731965053564,97.3913043478261,2.61773795191137,2.76489558038298,2.79235212784539,6.9999654046407,7.44087413213666,2901.30775639738,251.754389595396,0.362663469549672,0.0314692986994245,0.205660000225186,0.0311889722617936,601.141628325824,18.4176780840206,601.141628325824,18.4176780840206,1.35416666666667,0.479743893063132,6.40851449275362,1.14667549570732
dr_coincident_high_load,proposed_residual_safesac,5,False,395.970966802906,3.43913571781119,5127.33426167346,41.9063570582623,84.9371373253969,3.81534583263065,72.0538912706468,4.48538587631493,99.375,0.729152601358628,96.9565217391304,3.20606113125057,3.7416746292866,4.83247950724208,9.09564275107667,11.2099174160332,2821.64713227043,274.544695720954,0.352705891533804,0.0343180869651193,0.178825949784161,0.0216416250694921,598.693965059269,15.4608502493123,598.693965059269,15.4608502493123,1.57608695652174,0.443343499375319,5.77445652173913,0.674043300096794
